/*
 Navicat Premium Data Transfer

 Source Server         : mysql8
 Source Server Type    : MySQL
 Source Server Version : 80026 (8.0.26)
 Source Host           : localhost:3306
 Source Schema         : bs

 Target Server Type    : MySQL
 Target Server Version : 80026 (8.0.26)
 File Encoding         : 65001

 Date: 09/05/2024 16:50:12
*/

SET NAMES utf8mb4;
SET FOREIGN_KEY_CHECKS = 0;

-- ----------------------------
-- Table structure for appointments
-- ----------------------------
DROP TABLE IF EXISTS `appointments`;
CREATE TABLE `appointments`  (
  `id` bigint NOT NULL AUTO_INCREMENT COMMENT '主键ID，唯一标识每个预约',
  `store_id` bigint NOT NULL COMMENT '商店ID，标识预约所属的商店',
  `appointment_time` timestamp NOT NULL COMMENT '预约时间，记录预约的具体时间',
  `user_id` bigint NOT NULL COMMENT '用户ID，标识预约的用户',
  `order_status` bigint NOT NULL COMMENT '下单状态，描述预约的当前状态',
  `fixed_price` decimal(10, 2) NULL DEFAULT NULL COMMENT '价格',
  PRIMARY KEY (`id`) USING BTREE,
  INDEX `idx_store_id`(`store_id` ASC) USING BTREE,
  INDEX `idx_user_id`(`user_id` ASC) USING BTREE,
  INDEX `idx_appointment_time`(`appointment_time` ASC) USING BTREE
) ENGINE = InnoDB AUTO_INCREMENT = 27060652961281 CHARACTER SET = utf8mb4 COLLATE = utf8mb4_0900_ai_ci COMMENT = '预约表，存储用户的预约信息' ROW_FORMAT = Dynamic;

-- ----------------------------
-- Records of appointments
-- ----------------------------
INSERT INTO `appointments` VALUES (27042536035328, 25662670247936, '2024-05-07 23:01:45', 25662670247936, 1, 20.00);
INSERT INTO `appointments` VALUES (27058537081088, 25662670247936, '2024-05-08 16:08:44', 25662670247936, 3, 20.00);
INSERT INTO `appointments` VALUES (27058562121728, 25662670247936, '2024-05-08 16:25:07', 25662670247936, 3, 20.00);
INSERT INTO `appointments` VALUES (27058806323712, 25662670247936, '2024-05-08 16:41:01', 25662670247936, 3, 20.00);
INSERT INTO `appointments` VALUES (27058818298880, 25662670247936, '2024-05-08 16:41:48', 25662670247936, 3, 20.00);
INSERT INTO `appointments` VALUES (27060603340288, 25662670247936, '2024-05-08 18:38:00', 25662670247936, 3, 20.00);
INSERT INTO `appointments` VALUES (27060652961280, 25662670247936, '2024-05-08 18:38:00', 25662670247936, 1, 20.00);

-- ----------------------------
-- Table structure for cat
-- ----------------------------
DROP TABLE IF EXISTS `cat`;
CREATE TABLE `cat`  (
  `cat_id` bigint NOT NULL AUTO_INCREMENT COMMENT '猫咪ID',
  `category_id` bigint NULL DEFAULT NULL COMMENT '猫咪种类ID，外键，引用cat_categories表的category_id',
  `name` varchar(255) CHARACTER SET utf8mb4 COLLATE utf8mb4_0900_ai_ci NOT NULL COMMENT '猫咪名称',
  `age` int NULL DEFAULT NULL COMMENT '猫咪年龄',
  `gender` varchar(50) CHARACTER SET utf8mb4 COLLATE utf8mb4_0900_ai_ci NULL DEFAULT NULL COMMENT '猫咪性别',
  `preferences` varchar(255) CHARACTER SET utf8mb4 COLLATE utf8mb4_0900_ai_ci NULL DEFAULT NULL COMMENT '猫咪喜好',
  `health_status` varchar(255) CHARACTER SET utf8mb4 COLLATE utf8mb4_0900_ai_ci NULL DEFAULT NULL COMMENT '猫咪健康状态',
  `available_for_adoption` tinyint(1) NULL DEFAULT NULL COMMENT '是否可领养',
  `shop_id` bigint NOT NULL COMMENT '商店ID',
  `health_status_code` int NOT NULL COMMENT '猫咪健康状态code码，0为健康，1为生病',
  PRIMARY KEY (`cat_id`) USING BTREE
) ENGINE = InnoDB AUTO_INCREMENT = 225730564284162 CHARACTER SET = utf8mb4 COLLATE = utf8mb4_0900_ai_ci COMMENT = '具体猫咪信息表，存储每只猫咪的详细信息' ROW_FORMAT = Dynamic;

-- ----------------------------
-- Records of cat
-- ----------------------------
INSERT INTO `cat` VALUES (26990859004160, 25686537515520, 'test8', 12, '母猫', '', '', 0, 25662670247936, 0);
INSERT INTO `cat` VALUES (26990907297280, 25686537515520, 'test1', 12, '母猫', '', '', 0, 25662670247936, 0);
INSERT INTO `cat` VALUES (26990908068352, 25686537515520, 'test2', 12, '母猫', '', '', 0, 25662670247936, 0);
INSERT INTO `cat` VALUES (26990908855808, 25686537515520, 'test3', 12, '母猫', '', '', 0, 25662670247936, 0);
INSERT INTO `cat` VALUES (26990909537536, 25686537515520, 'test4', 12, '母猫', '', '', 0, 25662670247936, 0);
INSERT INTO `cat` VALUES (26990910320384, 25686537515520, 'test5', 12, '母猫', '', '', 0, 25662670247936, 0);

-- ----------------------------
-- Table structure for cat_categories
-- ----------------------------
DROP TABLE IF EXISTS `cat_categories`;
CREATE TABLE `cat_categories`  (
  `category_id` bigint NOT NULL AUTO_INCREMENT,
  `name` varchar(255) CHARACTER SET utf8mb4 COLLATE utf8mb4_0900_ai_ci NOT NULL COMMENT '猫咪种类名称',
  `origin` varchar(255) CHARACTER SET utf8mb4 COLLATE utf8mb4_0900_ai_ci NULL DEFAULT NULL COMMENT '猫咪种类的原产地',
  `description` text CHARACTER SET utf8mb4 COLLATE utf8mb4_0900_ai_ci NULL COMMENT '种类描述',
  PRIMARY KEY (`category_id`) USING BTREE
) ENGINE = InnoDB AUTO_INCREMENT = 26083297655297 CHARACTER SET = utf8mb4 COLLATE = utf8mb4_0900_ai_ci COMMENT = '猫咪种类信息表，存储各种猫咪的种类信息' ROW_FORMAT = Dynamic;

-- ----------------------------
-- Records of cat_categories
-- ----------------------------
INSERT INTO `cat_categories` VALUES (25686537515520, '三花猫', '中国', '中国自古以来的猫咪');
INSERT INTO `cat_categories` VALUES (25730340064256, '三花猫1', '中国', '中国自古以来的猫咪');
INSERT INTO `cat_categories` VALUES (25730341604096, '三花猫2', '中国', '中国自古以来的猫咪');
INSERT INTO `cat_categories` VALUES (25730342348288, '三花猫3', '中国', '中国自古以来的猫咪');
INSERT INTO `cat_categories` VALUES (26083297655296, '三花猫123', '中国', 'test23112');

-- ----------------------------
-- Table structure for images
-- ----------------------------
DROP TABLE IF EXISTS `images`;
CREATE TABLE `images`  (
  `image_id` bigint NOT NULL AUTO_INCREMENT,
  `id` bigint NOT NULL,
  `image_url` varchar(255) CHARACTER SET utf8mb4 COLLATE utf8mb4_0900_ai_ci NOT NULL,
  `description` varchar(255) CHARACTER SET utf8mb4 COLLATE utf8mb4_0900_ai_ci NULL DEFAULT NULL,
  PRIMARY KEY (`image_id`) USING BTREE,
  INDEX `idx_unique_id`(`id` ASC) USING BTREE
) ENGINE = InnoDB AUTO_INCREMENT = 27040335340545 CHARACTER SET = utf8mb4 COLLATE = utf8mb4_0900_ai_ci ROW_FORMAT = Dynamic;

-- ----------------------------
-- Records of images
-- ----------------------------
INSERT INTO `images` VALUES (25731341549824, 25730564284160, 'https://banyan-yuncos-1315459122.cos.ap-chengdu.myqcloud.com/images/50cfddb0-addc-416e-b648-04181ff89c21.JPG', NULL);
INSERT INTO `images` VALUES (26990894490880, 26990859004160, 'https://banyan-yuncos-1315459122.cos.ap-chengdu.myqcloud.com/images/863f9f6f-4d1c-41e1-9021-f161db7d5be4.jpg', NULL);
INSERT INTO `images` VALUES (26992134622976, 25662670247936, 'https://banyan-yuncos-1315459122.cos.ap-chengdu.myqcloud.com/images/8c9dd725-a141-4849-be99-352fccabe2d9.jpg', NULL);
INSERT INTO `images` VALUES (27013294119424, 26990907297280, 'https://banyan-yuncos-1315459122.cos.ap-chengdu.myqcloud.com/images/31414290-f22f-40a7-8aff-55c2545388b2.jpg', NULL);
INSERT INTO `images` VALUES (27013298607616, 26990908068352, 'https://banyan-yuncos-1315459122.cos.ap-chengdu.myqcloud.com/images/b2996d9e-cf3f-409c-98f3-6fc5b8b25623.jpg', NULL);
INSERT INTO `images` VALUES (27013301711872, 26990908855808, 'https://banyan-yuncos-1315459122.cos.ap-chengdu.myqcloud.com/images/0c2ff7d4-8c35-48b3-bf6f-96929a7fac74.jpg', NULL);
INSERT INTO `images` VALUES (27013305109248, 26990909537536, 'https://banyan-yuncos-1315459122.cos.ap-chengdu.myqcloud.com/images/5be630ea-9e9a-4fc2-9277-10f8e407b5ee.jpg', NULL);
INSERT INTO `images` VALUES (27013308945152, 26990910320384, 'https://banyan-yuncos-1315459122.cos.ap-chengdu.myqcloud.com/images/eb95f913-40d7-430b-9ae7-3bcf25f84b79.jpg', NULL);
INSERT INTO `images` VALUES (27035747189248, 25662670247936, 'https://banyan-yuncos-1315459122.cos.ap-chengdu.myqcloud.com/images/8d9fa2b3-cb86-4c43-bfea-36c92eadf437.jpg', NULL);
INSERT INTO `images` VALUES (27035776233216, 25662670247936, 'https://banyan-yuncos-1315459122.cos.ap-chengdu.myqcloud.com/images/252d0c3e-6e37-44aa-ada2-e7f14b64bcb2.jpeg', NULL);
INSERT INTO `images` VALUES (27035799158784, 25662670247936, 'https://banyan-yuncos-1315459122.cos.ap-chengdu.myqcloud.com/images/b34ecab8-bb54-4938-9890-5db78313cf53.png', NULL);
INSERT INTO `images` VALUES (27035803470336, 25662670247936, 'https://banyan-yuncos-1315459122.cos.ap-chengdu.myqcloud.com/images/f8af0f0b-9389-4355-85f8-2b1225c66329.jpg', NULL);
INSERT INTO `images` VALUES (27035807098624, 25662670247936, 'https://banyan-yuncos-1315459122.cos.ap-chengdu.myqcloud.com/images/b6862ccb-40b1-42f7-ab35-a39f2827d095.jpg', NULL);
INSERT INTO `images` VALUES (27040081904384, 25686537515520, 'https://banyan-yuncos-1315459122.cos.ap-chengdu.myqcloud.com/images/ec6f91ad-7dc2-4928-affd-aab6239826df.jpg', NULL);
INSERT INTO `images` VALUES (27040082803968, 25686537515520, 'https://banyan-yuncos-1315459122.cos.ap-chengdu.myqcloud.com/images/1008889d-bd71-495e-9bf7-4239a22c33e7.jpg', NULL);

-- ----------------------------
-- Table structure for score
-- ----------------------------
DROP TABLE IF EXISTS `score`;
CREATE TABLE `score`  (
  `id` bigint NOT NULL,
  `user_id` bigint NULL DEFAULT NULL COMMENT '用户id',
  `store_id` bigint NULL DEFAULT NULL COMMENT '店铺id',
  `score` bigint NULL DEFAULT NULL COMMENT '评分',
  PRIMARY KEY (`id`) USING BTREE
) ENGINE = InnoDB CHARACTER SET = utf8mb4 COLLATE = utf8mb4_0900_ai_ci ROW_FORMAT = Dynamic;

-- ----------------------------
-- Records of score
-- ----------------------------
INSERT INTO `score` VALUES (27079691015168, 25662670247936, 25662670247938, 4);
INSERT INTO `score` VALUES (27079691154176, 25662670247936, 25662670247961, 3);
INSERT INTO `score` VALUES (27079691155712, 25662670247936, 25662670247965, 2);
INSERT INTO `score` VALUES (27079691156992, 25662670247936, 25662670247962, 3);
INSERT INTO `score` VALUES (27079691158528, 25662670247937, 25662670247965, 4);
INSERT INTO `score` VALUES (27079691160576, 25662670247937, 25662670247936, 2);
INSERT INTO `score` VALUES (27079691162112, 25662670247937, 25662670247938, 1);
INSERT INTO `score` VALUES (27079691163648, 25662670247937, 25662670247957, 5);
INSERT INTO `score` VALUES (27079691165696, 25662670247938, 25662670247962, 5);
INSERT INTO `score` VALUES (27079691167232, 25662670247938, 25662670247937, 4);
INSERT INTO `score` VALUES (27079691168768, 25662670247938, 25662670247961, 4);
INSERT INTO `score` VALUES (27079691170304, 25662670247938, 25662670247960, 2);
INSERT INTO `score` VALUES (27079691172096, 25662670247957, 25662670247957, 4);
INSERT INTO `score` VALUES (27079691173632, 25662670247957, 25662670247961, 4);
INSERT INTO `score` VALUES (27079691175424, 25662670247957, 25662670247962, 3);
INSERT INTO `score` VALUES (27079691177216, 25662670247957, 25662670247938, 5);
INSERT INTO `score` VALUES (27079691179264, 25662670247958, 25662670247961, 4);
INSERT INTO `score` VALUES (27079691180544, 25662670247958, 25662670247965, 4);
INSERT INTO `score` VALUES (27079691181824, 25662670247958, 25662670247958, 2);
INSERT INTO `score` VALUES (27079691183616, 25662670247958, 25662670247938, 3);
INSERT INTO `score` VALUES (27079691185664, 25662670247959, 25662670247936, 2);
INSERT INTO `score` VALUES (27079691187200, 25662670247959, 25662670247965, 5);
INSERT INTO `score` VALUES (27079691188736, 25662670247959, 25662670247962, 3);
INSERT INTO `score` VALUES (27079691190528, 25662670247959, 25662670247957, 5);
INSERT INTO `score` VALUES (27079691192320, 25662670247960, 25662670247965, 4);
INSERT INTO `score` VALUES (27079691193600, 25662670247960, 25662670247957, 4);
INSERT INTO `score` VALUES (27079691195136, 25662670247960, 25662670247961, 3);
INSERT INTO `score` VALUES (27079691196672, 25662670247960, 25662670247962, 5);
INSERT INTO `score` VALUES (27079691198464, 25662670247961, 25662670247937, 1);
INSERT INTO `score` VALUES (27079691199744, 25662670247961, 25662670247961, 3);
INSERT INTO `score` VALUES (27079691201024, 25662670247961, 25662670247936, 5);
INSERT INTO `score` VALUES (27079691202304, 25662670247961, 25662670247958, 5);
INSERT INTO `score` VALUES (27079691203840, 25662670247962, 25662670247936, 5);
INSERT INTO `score` VALUES (27079691205376, 25662670247962, 25662670247938, 4);
INSERT INTO `score` VALUES (27079691206912, 25662670247962, 25662670247958, 4);
INSERT INTO `score` VALUES (27079691208192, 25662670247962, 25662670247965, 3);
INSERT INTO `score` VALUES (27079691209728, 25662670247965, 25662670247937, 3);
INSERT INTO `score` VALUES (27079691211264, 25662670247965, 25662670247960, 3);
INSERT INTO `score` VALUES (27079691212800, 25662670247965, 25662670247965, 5);
INSERT INTO `score` VALUES (27079691214592, 25662670247965, 25662670247957, 5);
INSERT INTO `score` VALUES (27079691216384, 25662670247966, 25662670247962, 1);
INSERT INTO `score` VALUES (27079691217920, 25662670247966, 25662670247938, 2);
INSERT INTO `score` VALUES (27079691219456, 25662670247966, 25662670247957, 4);
INSERT INTO `score` VALUES (27079691220992, 25662670247966, 25662670247960, 2);
INSERT INTO `score` VALUES (27079691222784, 25662670247967, 25662670247958, 3);
INSERT INTO `score` VALUES (27079691224320, 25662670247967, 25662670247957, 5);
INSERT INTO `score` VALUES (27079691225856, 25662670247967, 25662670247965, 5);
INSERT INTO `score` VALUES (27079691227648, 25662670247967, 25662670247936, 4);
INSERT INTO `score` VALUES (27079691229184, 25662670247968, 25662670247959, 4);
INSERT INTO `score` VALUES (27079691230976, 25662670247968, 25662670247936, 3);
INSERT INTO `score` VALUES (27079691232512, 25662670247968, 25662670247960, 5);
INSERT INTO `score` VALUES (27079691234048, 25662670247968, 25662670247958, 4);
INSERT INTO `score` VALUES (27079691236352, 25662670247969, 25662670247936, 5);
INSERT INTO `score` VALUES (27079691239936, 25662670247969, 25662670247937, 3);
INSERT INTO `score` VALUES (27079691242240, 25662670247969, 25662670247957, 3);
INSERT INTO `score` VALUES (27079691245056, 25662670247969, 25662670247961, 1);
INSERT INTO `score` VALUES (27079691247616, 25662670247970, 25662670247937, 5);
INSERT INTO `score` VALUES (27079691250944, 25662670247970, 25662670247959, 1);
INSERT INTO `score` VALUES (27079691252736, 25662670247970, 25662670247960, 5);
INSERT INTO `score` VALUES (27079691254272, 25662670247970, 25662670247962, 3);
INSERT INTO `score` VALUES (27079691255552, 25662670247971, 25662670247936, 2);
INSERT INTO `score` VALUES (27079691256832, 25662670247971, 25662670247961, 5);
INSERT INTO `score` VALUES (27079691258624, 25662670247971, 25662670247959, 1);
INSERT INTO `score` VALUES (27079691260416, 25662670247971, 25662670247965, 1);
INSERT INTO `score` VALUES (27079691262208, 25662670247972, 25662670247937, 3);
INSERT INTO `score` VALUES (27079691263744, 25662670247972, 25662670247959, 4);
INSERT INTO `score` VALUES (27079691265024, 25662670247972, 25662670247961, 1);
INSERT INTO `score` VALUES (27079691266304, 25662670247972, 25662670247960, 4);
INSERT INTO `score` VALUES (27079691267840, 25662670247973, 25662670247936, 2);
INSERT INTO `score` VALUES (27079691269120, 25662670247973, 25662670247962, 1);
INSERT INTO `score` VALUES (27079691270400, 25662670247973, 25662670247959, 2);
INSERT INTO `score` VALUES (27079691271936, 25662670247973, 25662670247961, 4);
INSERT INTO `score` VALUES (27079691273216, 25662670247974, 25662670247938, 5);
INSERT INTO `score` VALUES (27079691274496, 25662670247974, 25662670247936, 1);
INSERT INTO `score` VALUES (27079691275776, 25662670247974, 25662670247961, 3);
INSERT INTO `score` VALUES (27079691277056, 25662670247974, 25662670247957, 4);
INSERT INTO `score` VALUES (27079691278592, 25662670247975, 25662670247936, 5);
INSERT INTO `score` VALUES (27079691280128, 25662670247975, 25662670247957, 4);
INSERT INTO `score` VALUES (27079691281920, 25662670247975, 25662670247958, 1);
INSERT INTO `score` VALUES (27079691283712, 25662670247975, 25662670247960, 4);
INSERT INTO `score` VALUES (27079691285504, 25662670247976, 25662670247961, 2);
INSERT INTO `score` VALUES (27079691286528, 25662670247976, 25662670247962, 5);
INSERT INTO `score` VALUES (27079691287808, 25662670247976, 25662670247958, 1);
INSERT INTO `score` VALUES (27079691289088, 25662670247976, 25662670247937, 5);
INSERT INTO `score` VALUES (27079691290368, 25662670247977, 25662670247960, 2);
INSERT INTO `score` VALUES (27079691291648, 25662670247977, 25662670247962, 1);
INSERT INTO `score` VALUES (27079691293696, 25662670247977, 25662670247936, 5);
INSERT INTO `score` VALUES (27079691294976, 25662670247977, 25662670247937, 5);
INSERT INTO `score` VALUES (27079691296512, 25662670247978, 25662670247962, 5);
INSERT INTO `score` VALUES (27079691298048, 25662670247978, 25662670247961, 2);
INSERT INTO `score` VALUES (27079691299584, 25662670247978, 25662670247959, 4);
INSERT INTO `score` VALUES (27079691300864, 25662670247978, 25662670247958, 5);
INSERT INTO `score` VALUES (27079691302144, 25662670247979, 25662670247957, 4);
INSERT INTO `score` VALUES (27079691303424, 25662670247979, 25662670247959, 2);
INSERT INTO `score` VALUES (27079691304704, 25662670247979, 25662670247936, 1);
INSERT INTO `score` VALUES (27079691305984, 25662670247979, 25662670247937, 2);
INSERT INTO `score` VALUES (27079691307520, 25662670247980, 25662670247957, 2);
INSERT INTO `score` VALUES (27079691309056, 25662670247980, 25662670247961, 2);
INSERT INTO `score` VALUES (27079691310336, 25662670247980, 25662670247959, 5);
INSERT INTO `score` VALUES (27079691311872, 25662670247980, 25662670247938, 4);
INSERT INTO `score` VALUES (27079691313152, 25662670247981, 25662670247959, 1);
INSERT INTO `score` VALUES (27079691314432, 25662670247981, 25662670247965, 3);
INSERT INTO `score` VALUES (27079691315968, 25662670247981, 25662670247957, 3);
INSERT INTO `score` VALUES (27079691317248, 25662670247981, 25662670247962, 3);
INSERT INTO `score` VALUES (27079691318784, 25662670247982, 25662670247958, 5);
INSERT INTO `score` VALUES (27079691320064, 25662670247982, 25662670247960, 4);
INSERT INTO `score` VALUES (27079691321344, 25662670247982, 25662670247957, 5);
INSERT INTO `score` VALUES (27079691322624, 25662670247982, 25662670247936, 5);
INSERT INTO `score` VALUES (27079691323904, 25662670247983, 25662670247958, 5);
INSERT INTO `score` VALUES (27079691325440, 25662670247983, 25662670247937, 2);
INSERT INTO `score` VALUES (27079691326976, 25662670247983, 25662670247957, 3);
INSERT INTO `score` VALUES (27079691328256, 25662670247983, 25662670247965, 2);
INSERT INTO `score` VALUES (27079691329792, 25662670247984, 25662670247938, 5);
INSERT INTO `score` VALUES (27079691331072, 25662670247984, 25662670247960, 3);
INSERT INTO `score` VALUES (27079691332608, 25662670247984, 25662670247962, 1);
INSERT INTO `score` VALUES (27079691334144, 25662670247984, 25662670247936, 1);
INSERT INTO `score` VALUES (27079691335424, 25662670247985, 25662670247960, 3);
INSERT INTO `score` VALUES (27079691337216, 25662670247985, 25662670247965, 3);
INSERT INTO `score` VALUES (27079691338752, 25662670247985, 25662670247938, 4);
INSERT INTO `score` VALUES (27079691340032, 25662670247985, 25662670247958, 5);
INSERT INTO `score` VALUES (27079691341312, 25662670247986, 25662670247965, 2);
INSERT INTO `score` VALUES (27079691342592, 25662670247986, 25662670247958, 1);
INSERT INTO `score` VALUES (27079691343872, 25662670247986, 25662670247957, 4);
INSERT INTO `score` VALUES (27079691345408, 25662670247986, 25662670247937, 3);
INSERT INTO `score` VALUES (27079691346688, 25662670247987, 25662670247937, 2);
INSERT INTO `score` VALUES (27079691347968, 25662670247987, 25662670247959, 2);
INSERT INTO `score` VALUES (27079691349248, 25662670247987, 25662670247961, 2);
INSERT INTO `score` VALUES (27079691350528, 25662670247987, 25662670247958, 3);
INSERT INTO `score` VALUES (27079691352320, 25662670247988, 25662670247958, 3);
INSERT INTO `score` VALUES (27079691353600, 25662670247988, 25662670247937, 2);
INSERT INTO `score` VALUES (27079691354880, 25662670247988, 25662670247961, 2);
INSERT INTO `score` VALUES (27079691356160, 25662670247988, 25662670247938, 4);
INSERT INTO `score` VALUES (27079691357440, 25662670247989, 25662670247937, 4);
INSERT INTO `score` VALUES (27079691358720, 25662670247989, 25662670247936, 3);
INSERT INTO `score` VALUES (27079691360000, 25662670247989, 25662670247965, 1);
INSERT INTO `score` VALUES (27079691361280, 25662670247989, 25662670247958, 2);
INSERT INTO `score` VALUES (27079691362560, 25662670247990, 25662670247961, 5);
INSERT INTO `score` VALUES (27079691363840, 25662670247990, 25662670247937, 3);
INSERT INTO `score` VALUES (27079691365376, 25662670247990, 25662670247960, 1);
INSERT INTO `score` VALUES (27079691366912, 25662670247990, 25662670247965, 3);
INSERT INTO `score` VALUES (27079691368192, 25662670247991, 25662670247962, 1);
INSERT INTO `score` VALUES (27079691369728, 25662670247991, 25662670247958, 5);
INSERT INTO `score` VALUES (27079691371008, 25662670247991, 25662670247965, 3);
INSERT INTO `score` VALUES (27079691372800, 25662670247991, 25662670247960, 2);
INSERT INTO `score` VALUES (27079691374336, 25662670247992, 25662670247961, 5);
INSERT INTO `score` VALUES (27079691375616, 25662670247992, 25662670247959, 2);
INSERT INTO `score` VALUES (27079691377152, 25662670247992, 25662670247958, 1);
INSERT INTO `score` VALUES (27079691378432, 25662670247992, 25662670247938, 1);
INSERT INTO `score` VALUES (27079691379968, 25662670247993, 25662670247959, 5);
INSERT INTO `score` VALUES (27079691381504, 25662670247993, 25662670247961, 3);
INSERT INTO `score` VALUES (27079691382784, 25662670247993, 25662670247960, 4);
INSERT INTO `score` VALUES (27079691384576, 25662670247993, 25662670247962, 2);
INSERT INTO `score` VALUES (27079691385856, 25662670247994, 25662670247937, 2);
INSERT INTO `score` VALUES (27079691387392, 25662670247994, 25662670247961, 4);
INSERT INTO `score` VALUES (27079691388928, 25662670247994, 25662670247957, 1);
INSERT INTO `score` VALUES (27079691390208, 25662670247994, 25662670247958, 4);
INSERT INTO `score` VALUES (27079691391744, 25662670247995, 25662670247957, 5);
INSERT INTO `score` VALUES (27079691393024, 25662670247995, 25662670247937, 5);
INSERT INTO `score` VALUES (27079691394304, 25662670247995, 25662670247959, 4);
INSERT INTO `score` VALUES (27079691395584, 25662670247995, 25662670247962, 1);
INSERT INTO `score` VALUES (27079691396608, 25662670247996, 25662670247961, 1);
INSERT INTO `score` VALUES (27079691397888, 25662670247996, 25662670247962, 2);
INSERT INTO `score` VALUES (27079691399424, 25662670247996, 25662670247958, 5);
INSERT INTO `score` VALUES (27079691400704, 25662670247996, 25662670247938, 1);
INSERT INTO `score` VALUES (27079691402240, 25662670247997, 25662670247962, 3);
INSERT INTO `score` VALUES (27079691403520, 25662670247997, 25662670247936, 1);
INSERT INTO `score` VALUES (27079691404800, 25662670247997, 25662670247965, 2);
INSERT INTO `score` VALUES (27079691406336, 25662670247997, 25662670247957, 2);
INSERT INTO `score` VALUES (27079691408128, 25662670247998, 25662670247962, 1);
INSERT INTO `score` VALUES (27079691409408, 25662670247998, 25662670247959, 4);
INSERT INTO `score` VALUES (27079691410688, 25662670247998, 25662670247937, 1);
INSERT INTO `score` VALUES (27079691411968, 25662670247998, 25662670247938, 4);
INSERT INTO `score` VALUES (27079691413248, 25662670247999, 25662670247965, 1);
INSERT INTO `score` VALUES (27079691414528, 25662670247999, 25662670247962, 2);
INSERT INTO `score` VALUES (27079691416064, 25662670247999, 25662670247936, 5);
INSERT INTO `score` VALUES (27079691417600, 25662670247999, 25662670247959, 5);
INSERT INTO `score` VALUES (27079691418880, 25662670248000, 25662670247959, 3);
INSERT INTO `score` VALUES (27079691420416, 25662670248000, 25662670247937, 2);
INSERT INTO `score` VALUES (27079691422208, 25662670248000, 25662670247962, 4);
INSERT INTO `score` VALUES (27079691423488, 25662670248000, 25662670247965, 3);
INSERT INTO `score` VALUES (27079691425024, 25662670248001, 25662670247965, 3);
INSERT INTO `score` VALUES (27079691426304, 25662670248001, 25662670247959, 5);
INSERT INTO `score` VALUES (27079691427840, 25662670248001, 25662670247936, 3);
INSERT INTO `score` VALUES (27079691429376, 25662670248001, 25662670247938, 3);
INSERT INTO `score` VALUES (27079691430656, 25662670248002, 25662670247936, 1);
INSERT INTO `score` VALUES (27079691431936, 25662670248002, 25662670247958, 1);
INSERT INTO `score` VALUES (27079691433216, 25662670248002, 25662670247965, 5);
INSERT INTO `score` VALUES (27079691434240, 25662670248002, 25662670247937, 4);
INSERT INTO `score` VALUES (27079691435520, 25662670248003, 25662670247938, 5);
INSERT INTO `score` VALUES (27079691436800, 25662670248003, 25662670247957, 2);
INSERT INTO `score` VALUES (27079691438080, 25662670248003, 25662670247958, 5);
INSERT INTO `score` VALUES (27079691439360, 25662670248003, 25662670247960, 4);
INSERT INTO `score` VALUES (27079691440640, 25662670248004, 25662670247965, 3);
INSERT INTO `score` VALUES (27079691442176, 25662670248004, 25662670247938, 1);
INSERT INTO `score` VALUES (27079691443456, 25662670248004, 25662670247936, 2);
INSERT INTO `score` VALUES (27079691444736, 25662670248004, 25662670247962, 3);
INSERT INTO `score` VALUES (27079691446272, 25662670248005, 25662670247959, 3);
INSERT INTO `score` VALUES (27079691447552, 25662670248005, 25662670247957, 3);
INSERT INTO `score` VALUES (27079691449088, 25662670248005, 25662670247938, 2);
INSERT INTO `score` VALUES (27079691450368, 25662670248005, 25662670247960, 2);
INSERT INTO `score` VALUES (27079691451904, 25662670248006, 25662670247936, 1);
INSERT INTO `score` VALUES (27079691453440, 25662670248006, 25662670247965, 2);
INSERT INTO `score` VALUES (27079691454720, 25662670248006, 25662670247959, 1);
INSERT INTO `score` VALUES (27079691456512, 25662670248006, 25662670247961, 1);
INSERT INTO `score` VALUES (27079691458048, 25662670248007, 25662670247937, 1);
INSERT INTO `score` VALUES (27079691460096, 25662670248007, 25662670247965, 4);
INSERT INTO `score` VALUES (27079691461632, 25662670248007, 25662670247960, 3);
INSERT INTO `score` VALUES (27079691463424, 25662670248007, 25662670247958, 4);
INSERT INTO `score` VALUES (27079691464960, 25662670248008, 25662670247936, 1);
INSERT INTO `score` VALUES (27079691466240, 25662670248008, 25662670247965, 5);
INSERT INTO `score` VALUES (27079691467520, 25662670248008, 25662670247962, 4);
INSERT INTO `score` VALUES (27079691469056, 25662670248008, 25662670247938, 5);
INSERT INTO `score` VALUES (27079691470336, 25662670248009, 25662670247938, 5);
INSERT INTO `score` VALUES (27079691471616, 25662670248009, 25662670247937, 5);
INSERT INTO `score` VALUES (27079691472896, 25662670248009, 25662670247965, 3);
INSERT INTO `score` VALUES (27079691474176, 25662670248009, 25662670247957, 5);
INSERT INTO `score` VALUES (27079691476224, 25662670248010, 25662670247960, 5);
INSERT INTO `score` VALUES (27079691477760, 25662670248010, 25662670247965, 5);
INSERT INTO `score` VALUES (27079691479040, 25662670248010, 25662670247961, 4);
INSERT INTO `score` VALUES (27079691480576, 25662670248010, 25662670247957, 2);
INSERT INTO `score` VALUES (27079691481856, 25662670248011, 25662670247959, 1);
INSERT INTO `score` VALUES (27079691483136, 25662670248011, 25662670247961, 2);
INSERT INTO `score` VALUES (27079691484672, 25662670248011, 25662670247957, 3);
INSERT INTO `score` VALUES (27079691485952, 25662670248011, 25662670247936, 3);
INSERT INTO `score` VALUES (27079691487232, 25662670248012, 25662670247936, 2);
INSERT INTO `score` VALUES (27079691488768, 25662670248012, 25662670247965, 3);
INSERT INTO `score` VALUES (27079691490560, 25662670248012, 25662670247957, 3);
INSERT INTO `score` VALUES (27079691491840, 25662670248012, 25662670247937, 1);
INSERT INTO `score` VALUES (27079691493120, 25662670248013, 25662670247938, 2);
INSERT INTO `score` VALUES (27079691495680, 25662670248013, 25662670247936, 4);
INSERT INTO `score` VALUES (27079691497984, 25662670248013, 25662670247961, 4);
INSERT INTO `score` VALUES (27079691500544, 25662670248013, 25662670247958, 5);
INSERT INTO `score` VALUES (27079691502592, 25662670248014, 25662670247937, 5);
INSERT INTO `score` VALUES (27079691504640, 25662670248014, 25662670247960, 5);
INSERT INTO `score` VALUES (27079691506176, 25662670248014, 25662670247938, 5);
INSERT INTO `score` VALUES (27079691507456, 25662670248014, 25662670247962, 2);
INSERT INTO `score` VALUES (27079691508480, 25662670248015, 25662670247937, 2);
INSERT INTO `score` VALUES (27079691509760, 25662670248015, 25662670247962, 5);
INSERT INTO `score` VALUES (27079691511296, 25662670248015, 25662670247958, 5);
INSERT INTO `score` VALUES (27079691512576, 25662670248015, 25662670247936, 5);
INSERT INTO `score` VALUES (27079691514368, 25662670248016, 25662670247958, 3);
INSERT INTO `score` VALUES (27079691515648, 25662670248016, 25662670247936, 2);
INSERT INTO `score` VALUES (27079691516928, 25662670248016, 25662670247960, 2);
INSERT INTO `score` VALUES (27079691518464, 25662670248016, 25662670247938, 5);
INSERT INTO `score` VALUES (27079691519744, 25662670248017, 25662670247959, 3);
INSERT INTO `score` VALUES (27079691521280, 25662670248017, 25662670247958, 2);
INSERT INTO `score` VALUES (27079691522560, 25662670248017, 25662670247962, 3);
INSERT INTO `score` VALUES (27079691524096, 25662670248017, 25662670247936, 3);
INSERT INTO `score` VALUES (27079691525632, 25662670248018, 25662670247936, 4);
INSERT INTO `score` VALUES (27079691526912, 25662670248018, 25662670247937, 4);
INSERT INTO `score` VALUES (27079691528192, 25662670248018, 25662670247962, 3);
INSERT INTO `score` VALUES (27079691529984, 25662670248018, 25662670247961, 5);
INSERT INTO `score` VALUES (27079691531264, 25662670248019, 25662670247938, 2);
INSERT INTO `score` VALUES (27079691532800, 25662670248019, 25662670247957, 2);
INSERT INTO `score` VALUES (27079691534080, 25662670248019, 25662670247959, 2);
INSERT INTO `score` VALUES (27079691535616, 25662670248019, 25662670247958, 2);
INSERT INTO `score` VALUES (27079691536896, 25662670248020, 25662670247965, 4);
INSERT INTO `score` VALUES (27079691538176, 25662670248020, 25662670247937, 4);
INSERT INTO `score` VALUES (27079691539712, 25662670248020, 25662670247962, 2);
INSERT INTO `score` VALUES (27079691540992, 25662670248020, 25662670247938, 5);
INSERT INTO `score` VALUES (27079691542272, 25662670248021, 25662670247959, 1);
INSERT INTO `score` VALUES (27079691543808, 25662670248021, 25662670247962, 4);
INSERT INTO `score` VALUES (27079691545344, 25662670248021, 25662670247960, 4);
INSERT INTO `score` VALUES (27079691546880, 25662670248021, 25662670247958, 2);
INSERT INTO `score` VALUES (27079691548160, 25662670248022, 25662670247936, 1);
INSERT INTO `score` VALUES (27079691549440, 25662670248022, 25662670247965, 5);
INSERT INTO `score` VALUES (27079691550976, 25662670248022, 25662670247959, 4);
INSERT INTO `score` VALUES (27079691552256, 25662670248022, 25662670247961, 3);
INSERT INTO `score` VALUES (27079691553792, 25662670248023, 25662670247959, 5);
INSERT INTO `score` VALUES (27079691555072, 25662670248023, 25662670247937, 2);
INSERT INTO `score` VALUES (27079691556352, 25662670248023, 25662670247957, 2);
INSERT INTO `score` VALUES (27079691557888, 25662670248023, 25662670247962, 1);
INSERT INTO `score` VALUES (27079691559168, 25662670248024, 25662670247958, 5);
INSERT INTO `score` VALUES (27079691560448, 25662670248024, 25662670247957, 5);
INSERT INTO `score` VALUES (27079691561728, 25662670248024, 25662670247962, 5);
INSERT INTO `score` VALUES (27079691563008, 25662670248024, 25662670247937, 1);
INSERT INTO `score` VALUES (27079691564288, 25662670248025, 25662670247959, 5);
INSERT INTO `score` VALUES (27079691565568, 25662670248025, 25662670247936, 5);
INSERT INTO `score` VALUES (27079691566848, 25662670248025, 25662670247937, 1);
INSERT INTO `score` VALUES (27079691568128, 25662670248025, 25662670247962, 2);
INSERT INTO `score` VALUES (27079691569408, 25662670248026, 25662670247938, 1);
INSERT INTO `score` VALUES (27079691570944, 25662670248026, 25662670247961, 3);
INSERT INTO `score` VALUES (27079691572480, 25662670248026, 25662670247958, 4);
INSERT INTO `score` VALUES (27079691573760, 25662670248026, 25662670247965, 3);
INSERT INTO `score` VALUES (27079691575296, 25662670248027, 25662670247936, 3);
INSERT INTO `score` VALUES (27079691576576, 25662670248027, 25662670247957, 1);
INSERT INTO `score` VALUES (27079691578368, 25662670248027, 25662670247958, 1);
INSERT INTO `score` VALUES (27079691579904, 25662670248027, 25662670247938, 4);
INSERT INTO `score` VALUES (27079691580928, 25662670248028, 25662670247962, 3);
INSERT INTO `score` VALUES (27079691582464, 25662670248028, 25662670247960, 4);
INSERT INTO `score` VALUES (27079691583744, 25662670248028, 25662670247937, 3);
INSERT INTO `score` VALUES (27079691585024, 25662670248028, 25662670247958, 1);
INSERT INTO `score` VALUES (27079691586560, 25662670248029, 25662670247957, 3);
INSERT INTO `score` VALUES (27079691587840, 25662670248029, 25662670247938, 5);
INSERT INTO `score` VALUES (27079691589376, 25662670248029, 25662670247962, 1);
INSERT INTO `score` VALUES (27079691590656, 25662670248029, 25662670247965, 2);
INSERT INTO `score` VALUES (27079691592192, 25662670248030, 25662670247959, 3);
INSERT INTO `score` VALUES (27079691593472, 25662670248030, 25662670247961, 4);
INSERT INTO `score` VALUES (27079691595008, 25662670248030, 25662670247965, 1);
INSERT INTO `score` VALUES (27079691596288, 25662670248030, 25662670247960, 3);
INSERT INTO `score` VALUES (27079691597568, 25662670248031, 25662670247962, 3);
INSERT INTO `score` VALUES (27079691598848, 25662670248031, 25662670247936, 1);
INSERT INTO `score` VALUES (27079691600128, 25662670248031, 25662670247958, 5);
INSERT INTO `score` VALUES (27079691601664, 25662670248031, 25662670247937, 1);
INSERT INTO `score` VALUES (27079691602944, 25662670248032, 25662670247958, 5);
INSERT INTO `score` VALUES (27079691604224, 25662670248032, 25662670247965, 3);
INSERT INTO `score` VALUES (27079691605760, 25662670248032, 25662670247959, 5);
INSERT INTO `score` VALUES (27079691607040, 25662670248032, 25662670247937, 3);
INSERT INTO `score` VALUES (27079691608576, 25662670248033, 25662670247957, 1);
INSERT INTO `score` VALUES (27079691610112, 25662670248033, 25662670247962, 2);
INSERT INTO `score` VALUES (27079691611392, 25662670248033, 25662670247960, 3);
INSERT INTO `score` VALUES (27079691612672, 25662670248033, 25662670247936, 2);
INSERT INTO `score` VALUES (27079691613952, 25662670248034, 25662670247962, 5);
INSERT INTO `score` VALUES (27079691615488, 25662670248034, 25662670247959, 4);
INSERT INTO `score` VALUES (27079691617024, 25662670248034, 25662670247965, 3);
INSERT INTO `score` VALUES (27079691618304, 25662670248034, 25662670247960, 4);
INSERT INTO `score` VALUES (27079691619840, 25662670248035, 25662670247960, 2);
INSERT INTO `score` VALUES (27079691621632, 25662670248035, 25662670247958, 1);
INSERT INTO `score` VALUES (27079691622912, 25662670248035, 25662670247938, 3);
INSERT INTO `score` VALUES (27079691624448, 25662670248035, 25662670247965, 2);
INSERT INTO `score` VALUES (27079691625728, 25662670248036, 25662670247937, 1);
INSERT INTO `score` VALUES (27079691627264, 25662670248036, 25662670247957, 4);
INSERT INTO `score` VALUES (27079691628544, 25662670248036, 25662670247958, 2);
INSERT INTO `score` VALUES (27079691629824, 25662670248036, 25662670247936, 1);
INSERT INTO `score` VALUES (27079691631104, 25662670248037, 25662670247938, 5);
INSERT INTO `score` VALUES (27079691632384, 25662670248037, 25662670247965, 3);
INSERT INTO `score` VALUES (27079691633664, 25662670248037, 25662670247961, 5);
INSERT INTO `score` VALUES (27079691635200, 25662670248037, 25662670247958, 3);
INSERT INTO `score` VALUES (27079691636736, 25662670248038, 25662670247959, 2);
INSERT INTO `score` VALUES (27079691638272, 25662670248038, 25662670247965, 5);
INSERT INTO `score` VALUES (27079691639552, 25662670248038, 25662670247938, 1);
INSERT INTO `score` VALUES (27079691640832, 25662670248038, 25662670247957, 2);
INSERT INTO `score` VALUES (27079691642368, 25662670248039, 25662670247958, 2);
INSERT INTO `score` VALUES (27079691644160, 25662670248039, 25662670247957, 2);
INSERT INTO `score` VALUES (27079691645440, 25662670248039, 25662670247965, 4);
INSERT INTO `score` VALUES (27079691646720, 25662670248039, 25662670247938, 5);
INSERT INTO `score` VALUES (27079691648256, 25662670248040, 25662670247959, 3);
INSERT INTO `score` VALUES (27079691649536, 25662670248040, 25662670247960, 5);
INSERT INTO `score` VALUES (27079691650816, 25662670248040, 25662670247957, 2);
INSERT INTO `score` VALUES (27079691652096, 25662670248040, 25662670247938, 3);
INSERT INTO `score` VALUES (27079691653376, 25662670248041, 25662670247937, 2);
INSERT INTO `score` VALUES (27079691654656, 25662670248041, 25662670247957, 5);
INSERT INTO `score` VALUES (27079691656192, 25662670248041, 25662670247936, 4);
INSERT INTO `score` VALUES (27079691657728, 25662670248041, 25662670247958, 3);
INSERT INTO `score` VALUES (27079691659008, 25662670248042, 25662670247965, 1);
INSERT INTO `score` VALUES (27079691660544, 25662670248042, 25662670247937, 1);
INSERT INTO `score` VALUES (27079691661824, 25662670248042, 25662670247961, 4);
INSERT INTO `score` VALUES (27079691663104, 25662670248042, 25662670247957, 4);
INSERT INTO `score` VALUES (27079691664640, 25662670248043, 25662670247962, 2);
INSERT INTO `score` VALUES (27079691665920, 25662670248043, 25662670247938, 2);
INSERT INTO `score` VALUES (27079691667456, 25662670248043, 25662670247959, 2);
INSERT INTO `score` VALUES (27079691668736, 25662670248043, 25662670247965, 3);
INSERT INTO `score` VALUES (27079691670016, 25662670248044, 25662670247957, 2);
INSERT INTO `score` VALUES (27079691671552, 25662670248044, 25662670247958, 3);
INSERT INTO `score` VALUES (27079691672832, 25662670248044, 25662670247937, 5);
INSERT INTO `score` VALUES (27079691674624, 25662670248044, 25662670247936, 3);
INSERT INTO `score` VALUES (27079691676672, 25662670248045, 25662670247957, 1);
INSERT INTO `score` VALUES (27079691677952, 25662670248045, 25662670247965, 2);
INSERT INTO `score` VALUES (27079691679744, 25662670248045, 25662670247958, 1);
INSERT INTO `score` VALUES (27079691681024, 25662670248045, 25662670247962, 3);
INSERT INTO `score` VALUES (27079691682304, 25662670248046, 25662670247961, 3);
INSERT INTO `score` VALUES (27079691684096, 25662670248046, 25662670247937, 2);
INSERT INTO `score` VALUES (27079691685376, 25662670248046, 25662670247965, 4);
INSERT INTO `score` VALUES (27079691686400, 25662670248046, 25662670247960, 5);
INSERT INTO `score` VALUES (27079691687680, 25662670248047, 25662670247960, 5);
INSERT INTO `score` VALUES (27079691689216, 25662670248047, 25662670247938, 1);
INSERT INTO `score` VALUES (27079691691008, 25662670248047, 25662670247962, 4);
INSERT INTO `score` VALUES (27079691692288, 25662670248047, 25662670247959, 2);
INSERT INTO `score` VALUES (27079691693824, 25662670248048, 25662670247962, 5);
INSERT INTO `score` VALUES (27079691695104, 25662670248048, 25662670247936, 5);
INSERT INTO `score` VALUES (27079691696384, 25662670248048, 25662670247961, 1);
INSERT INTO `score` VALUES (27079691697664, 25662670248048, 25662670247937, 5);
INSERT INTO `score` VALUES (27079691698944, 25662670248049, 25662670247938, 2);
INSERT INTO `score` VALUES (27079691700224, 25662670248049, 25662670247937, 5);
INSERT INTO `score` VALUES (27079691701760, 25662670248049, 25662670247958, 1);
INSERT INTO `score` VALUES (27079691703040, 25662670248049, 25662670247959, 2);
INSERT INTO `score` VALUES (27079691704576, 25662670248050, 25662670247938, 2);
INSERT INTO `score` VALUES (27079691706112, 25662670248050, 25662670247962, 2);
INSERT INTO `score` VALUES (27079691707392, 25662670248050, 25662670247937, 3);
INSERT INTO `score` VALUES (27079691708928, 25662670248050, 25662670247957, 1);
INSERT INTO `score` VALUES (27079691710208, 25662670248051, 25662670247958, 4);
INSERT INTO `score` VALUES (27079691711744, 25662670248051, 25662670247965, 1);
INSERT INTO `score` VALUES (27079691713024, 25662670248051, 25662670247938, 3);
INSERT INTO `score` VALUES (27079691714304, 25662670248051, 25662670247937, 2);

-- ----------------------------
-- Table structure for shops
-- ----------------------------
DROP TABLE IF EXISTS `shops`;
CREATE TABLE `shops`  (
  `id` bigint NOT NULL AUTO_INCREMENT,
  `name` varchar(255) CHARACTER SET utf8mb4 COLLATE utf8mb4_0900_ai_ci NOT NULL COMMENT '店铺名',
  `address` varchar(255) CHARACTER SET utf8mb4 COLLATE utf8mb4_0900_ai_ci NOT NULL COMMENT '地址',
  `off_day` varchar(50) CHARACTER SET utf8mb4 COLLATE utf8mb4_0900_ai_ci NOT NULL COMMENT '休息日',
  `phone_number` varchar(20) CHARACTER SET utf8mb4 COLLATE utf8mb4_0900_ai_ci NOT NULL COMMENT '电话号码',
  `logo` varchar(255) CHARACTER SET utf8mb4 COLLATE utf8mb4_0900_ai_ci NULL DEFAULT NULL COMMENT 'Logo地址',
  `cover` varchar(255) CHARACTER SET utf8mb4 COLLATE utf8mb4_0900_ai_ci NULL DEFAULT NULL COMMENT '封面地址',
  `owner_id` bigint NOT NULL COMMENT '拥有人ID',
  `status` int NOT NULL COMMENT '1为在运行，0为申请中，2为已下架',
  `fixed_price` decimal(10, 2) NULL DEFAULT NULL COMMENT '价格',
  PRIMARY KEY (`id`) USING BTREE,
  INDEX `name_address_idx`(`name` ASC, `address` ASC) USING BTREE,
  INDEX `owner_idx`(`owner_id` ASC) USING BTREE
) ENGINE = InnoDB AUTO_INCREMENT = 25662670248052 CHARACTER SET = utf8mb4 COLLATE = utf8mb4_0900_ai_ci COMMENT = '商店表' ROW_FORMAT = Dynamic;

-- ----------------------------
-- Records of shops
-- ----------------------------
INSERT INTO `shops` VALUES (25662670247936, '啦啦宝都上海金桥店', '上海市浦东新区新金桥路738号 125号店', '全年无休', '021-5820-02030', 'https://banyan-yuncos-1315459122.cos.ap-chengdu.myqcloud.com/images/b34ecab8-bb54-4938-9890-5db78313cf53.png', 'https://banyan-yuncos-1315459122.cos.ap-chengdu.myqcloud.com/images/b6862ccb-40b1-42f7-ab35-a39f2827d095.jpg', 25662670247936, 1, 20.00);
INSERT INTO `shops` VALUES (25662670247937, '啦啦宝都上海金桥店', '上海市浦东新区新金桥路738号 125号店', '全年无休', '021-5820-02030', 'https://banyan-yuncos-1315459122.cos.ap-chengdu.myqcloud.com/images/b34ecab8-bb54-4938-9890-5db78313cf53.png', 'https://banyan-yuncos-1315459122.cos.ap-chengdu.myqcloud.com/images/b6862ccb-40b1-42f7-ab35-a39f2827d095.jpg', 25662670247937, 1, 20.00);
INSERT INTO `shops` VALUES (25662670247938, '啦啦宝都上海金桥店', '上海市浦东新区新金桥路738号 125号店', '全年无休', '021-5820-02030', 'https://banyan-yuncos-1315459122.cos.ap-chengdu.myqcloud.com/images/b34ecab8-bb54-4938-9890-5db78313cf53.png', 'https://banyan-yuncos-1315459122.cos.ap-chengdu.myqcloud.com/images/b6862ccb-40b1-42f7-ab35-a39f2827d095.jpg', 25662670247938, 1, 20.00);
INSERT INTO `shops` VALUES (25662670247957, '啦啦宝都上海金桥店', '上海市浦东新区新金桥路738号 125号店', '全年无休', '021-5820-02030', 'https://banyan-yuncos-1315459122.cos.ap-chengdu.myqcloud.com/images/b34ecab8-bb54-4938-9890-5db78313cf53.png', 'https://banyan-yuncos-1315459122.cos.ap-chengdu.myqcloud.com/images/b6862ccb-40b1-42f7-ab35-a39f2827d095.jpg', 25662670247957, 1, 20.00);
INSERT INTO `shops` VALUES (25662670247958, '啦啦宝都上海金桥店', '上海市浦东新区新金桥路738号 125号店', '全年无休', '021-5820-02030', 'https://banyan-yuncos-1315459122.cos.ap-chengdu.myqcloud.com/images/b34ecab8-bb54-4938-9890-5db78313cf53.png', 'https://banyan-yuncos-1315459122.cos.ap-chengdu.myqcloud.com/images/b6862ccb-40b1-42f7-ab35-a39f2827d095.jpg', 25662670247958, 1, 20.00);
INSERT INTO `shops` VALUES (25662670247959, '啦啦宝都上海金桥店', '上海市浦东新区新金桥路738号 125号店', '全年无休', '021-5820-02030', 'https://banyan-yuncos-1315459122.cos.ap-chengdu.myqcloud.com/images/b34ecab8-bb54-4938-9890-5db78313cf53.png', 'https://banyan-yuncos-1315459122.cos.ap-chengdu.myqcloud.com/images/b6862ccb-40b1-42f7-ab35-a39f2827d095.jpg', 25662670247959, 1, 20.00);
INSERT INTO `shops` VALUES (25662670247960, '啦啦宝都上海金桥店', '上海市浦东新区新金桥路738号 125号店', '全年无休', '021-5820-02030', 'https://banyan-yuncos-1315459122.cos.ap-chengdu.myqcloud.com/images/b34ecab8-bb54-4938-9890-5db78313cf53.png', 'https://banyan-yuncos-1315459122.cos.ap-chengdu.myqcloud.com/images/b6862ccb-40b1-42f7-ab35-a39f2827d095.jpg', 25662670247960, 1, 20.00);
INSERT INTO `shops` VALUES (25662670247961, '啦啦宝都上海金桥店', '上海市浦东新区新金桥路738号 125号店', '全年无休', '021-5820-02030', 'https://banyan-yuncos-1315459122.cos.ap-chengdu.myqcloud.com/images/b34ecab8-bb54-4938-9890-5db78313cf53.png', 'https://banyan-yuncos-1315459122.cos.ap-chengdu.myqcloud.com/images/b6862ccb-40b1-42f7-ab35-a39f2827d095.jpg', 25662670247961, 1, 20.00);
INSERT INTO `shops` VALUES (25662670247962, '啦啦宝都上海金桥店', '上海市浦东新区新金桥路738号 125号店', '全年无休', '021-5820-02030', 'https://banyan-yuncos-1315459122.cos.ap-chengdu.myqcloud.com/images/b34ecab8-bb54-4938-9890-5db78313cf53.png', 'https://banyan-yuncos-1315459122.cos.ap-chengdu.myqcloud.com/images/b6862ccb-40b1-42f7-ab35-a39f2827d095.jpg', 25662670247962, 1, 20.00);
INSERT INTO `shops` VALUES (25662670247965, '啦啦宝都上海金桥店', '上海市浦东新区新金桥路738号 125号店', '全年无休', '021-5820-02030', 'https://banyan-yuncos-1315459122.cos.ap-chengdu.myqcloud.com/images/b34ecab8-bb54-4938-9890-5db78313cf53.png', 'https://banyan-yuncos-1315459122.cos.ap-chengdu.myqcloud.com/images/b6862ccb-40b1-42f7-ab35-a39f2827d095.jpg', 25662670247965, 1, 20.00);
INSERT INTO `shops` VALUES (25662670247966, '啦啦宝都上海金桥店', '上海市浦东新区新金桥路738号 125号店', '全年无休', '021-5820-02030', 'https://banyan-yuncos-1315459122.cos.ap-chengdu.myqcloud.com/images/b34ecab8-bb54-4938-9890-5db78313cf53.png', 'https://banyan-yuncos-1315459122.cos.ap-chengdu.myqcloud.com/images/b6862ccb-40b1-42f7-ab35-a39f2827d095.jpg', 25662670247966, 1, 20.00);
INSERT INTO `shops` VALUES (25662670247967, '啦啦宝都上海金桥店', '上海市浦东新区新金桥路738号 125号店', '全年无休', '021-5820-02030', 'https://banyan-yuncos-1315459122.cos.ap-chengdu.myqcloud.com/images/b34ecab8-bb54-4938-9890-5db78313cf53.png', 'https://banyan-yuncos-1315459122.cos.ap-chengdu.myqcloud.com/images/b6862ccb-40b1-42f7-ab35-a39f2827d095.jpg', 25662670247967, 1, 20.00);
INSERT INTO `shops` VALUES (25662670247968, '啦啦宝都上海金桥店', '上海市浦东新区新金桥路738号 125号店', '全年无休', '021-5820-02030', 'https://banyan-yuncos-1315459122.cos.ap-chengdu.myqcloud.com/images/b34ecab8-bb54-4938-9890-5db78313cf53.png', 'https://banyan-yuncos-1315459122.cos.ap-chengdu.myqcloud.com/images/b6862ccb-40b1-42f7-ab35-a39f2827d095.jpg', 25662670247968, 1, 20.00);
INSERT INTO `shops` VALUES (25662670247969, '啦啦宝都上海金桥店', '上海市浦东新区新金桥路738号 125号店', '全年无休', '021-5820-02030', 'https://banyan-yuncos-1315459122.cos.ap-chengdu.myqcloud.com/images/b34ecab8-bb54-4938-9890-5db78313cf53.png', 'https://banyan-yuncos-1315459122.cos.ap-chengdu.myqcloud.com/images/b6862ccb-40b1-42f7-ab35-a39f2827d095.jpg', 25662670247969, 1, 20.00);
INSERT INTO `shops` VALUES (25662670247970, '啦啦宝都上海金桥店', '上海市浦东新区新金桥路738号 125号店', '全年无休', '021-5820-02030', 'https://banyan-yuncos-1315459122.cos.ap-chengdu.myqcloud.com/images/b34ecab8-bb54-4938-9890-5db78313cf53.png', 'https://banyan-yuncos-1315459122.cos.ap-chengdu.myqcloud.com/images/b6862ccb-40b1-42f7-ab35-a39f2827d095.jpg', 25662670247970, 1, 20.00);
INSERT INTO `shops` VALUES (25662670247971, '啦啦宝都上海金桥店', '上海市浦东新区新金桥路738号 125号店', '全年无休', '021-5820-02030', 'https://banyan-yuncos-1315459122.cos.ap-chengdu.myqcloud.com/images/b34ecab8-bb54-4938-9890-5db78313cf53.png', 'https://banyan-yuncos-1315459122.cos.ap-chengdu.myqcloud.com/images/b6862ccb-40b1-42f7-ab35-a39f2827d095.jpg', 25662670247971, 1, 20.00);
INSERT INTO `shops` VALUES (25662670247972, '啦啦宝都上海金桥店', '上海市浦东新区新金桥路738号 125号店', '全年无休', '021-5820-02030', 'https://banyan-yuncos-1315459122.cos.ap-chengdu.myqcloud.com/images/b34ecab8-bb54-4938-9890-5db78313cf53.png', 'https://banyan-yuncos-1315459122.cos.ap-chengdu.myqcloud.com/images/b6862ccb-40b1-42f7-ab35-a39f2827d095.jpg', 25662670247972, 1, 20.00);
INSERT INTO `shops` VALUES (25662670247973, '啦啦宝都上海金桥店', '上海市浦东新区新金桥路738号 125号店', '全年无休', '021-5820-02030', 'https://banyan-yuncos-1315459122.cos.ap-chengdu.myqcloud.com/images/b34ecab8-bb54-4938-9890-5db78313cf53.png', 'https://banyan-yuncos-1315459122.cos.ap-chengdu.myqcloud.com/images/b6862ccb-40b1-42f7-ab35-a39f2827d095.jpg', 25662670247973, 1, 20.00);
INSERT INTO `shops` VALUES (25662670247974, '啦啦宝都上海金桥店', '上海市浦东新区新金桥路738号 125号店', '全年无休', '021-5820-02030', 'https://banyan-yuncos-1315459122.cos.ap-chengdu.myqcloud.com/images/b34ecab8-bb54-4938-9890-5db78313cf53.png', 'https://banyan-yuncos-1315459122.cos.ap-chengdu.myqcloud.com/images/b6862ccb-40b1-42f7-ab35-a39f2827d095.jpg', 25662670247974, 1, 20.00);
INSERT INTO `shops` VALUES (25662670247975, '啦啦宝都上海金桥店', '上海市浦东新区新金桥路738号 125号店', '全年无休', '021-5820-02030', 'https://banyan-yuncos-1315459122.cos.ap-chengdu.myqcloud.com/images/b34ecab8-bb54-4938-9890-5db78313cf53.png', 'https://banyan-yuncos-1315459122.cos.ap-chengdu.myqcloud.com/images/b6862ccb-40b1-42f7-ab35-a39f2827d095.jpg', 25662670247975, 1, 20.00);
INSERT INTO `shops` VALUES (25662670247976, '啦啦宝都上海金桥店', '上海市浦东新区新金桥路738号 125号店', '全年无休', '021-5820-02030', 'https://banyan-yuncos-1315459122.cos.ap-chengdu.myqcloud.com/images/b34ecab8-bb54-4938-9890-5db78313cf53.png', 'https://banyan-yuncos-1315459122.cos.ap-chengdu.myqcloud.com/images/b6862ccb-40b1-42f7-ab35-a39f2827d095.jpg', 25662670247976, 1, 20.00);
INSERT INTO `shops` VALUES (25662670247977, '啦啦宝都上海金桥店', '上海市浦东新区新金桥路738号 125号店', '全年无休', '021-5820-02030', 'https://banyan-yuncos-1315459122.cos.ap-chengdu.myqcloud.com/images/b34ecab8-bb54-4938-9890-5db78313cf53.png', 'https://banyan-yuncos-1315459122.cos.ap-chengdu.myqcloud.com/images/b6862ccb-40b1-42f7-ab35-a39f2827d095.jpg', 25662670247977, 1, 20.00);
INSERT INTO `shops` VALUES (25662670247978, '啦啦宝都上海金桥店', '上海市浦东新区新金桥路738号 125号店', '全年无休', '021-5820-02030', 'https://banyan-yuncos-1315459122.cos.ap-chengdu.myqcloud.com/images/b34ecab8-bb54-4938-9890-5db78313cf53.png', 'https://banyan-yuncos-1315459122.cos.ap-chengdu.myqcloud.com/images/b6862ccb-40b1-42f7-ab35-a39f2827d095.jpg', 25662670247978, 1, 20.00);
INSERT INTO `shops` VALUES (25662670247979, '啦啦宝都上海金桥店', '上海市浦东新区新金桥路738号 125号店', '全年无休', '021-5820-02030', 'https://banyan-yuncos-1315459122.cos.ap-chengdu.myqcloud.com/images/b34ecab8-bb54-4938-9890-5db78313cf53.png', 'https://banyan-yuncos-1315459122.cos.ap-chengdu.myqcloud.com/images/b6862ccb-40b1-42f7-ab35-a39f2827d095.jpg', 25662670247979, 1, 20.00);
INSERT INTO `shops` VALUES (25662670247980, '啦啦宝都上海金桥店', '上海市浦东新区新金桥路738号 125号店', '全年无休', '021-5820-02030', 'https://banyan-yuncos-1315459122.cos.ap-chengdu.myqcloud.com/images/b34ecab8-bb54-4938-9890-5db78313cf53.png', 'https://banyan-yuncos-1315459122.cos.ap-chengdu.myqcloud.com/images/b6862ccb-40b1-42f7-ab35-a39f2827d095.jpg', 25662670247980, 1, 20.00);
INSERT INTO `shops` VALUES (25662670247981, '啦啦宝都上海金桥店', '上海市浦东新区新金桥路738号 125号店', '全年无休', '021-5820-02030', 'https://banyan-yuncos-1315459122.cos.ap-chengdu.myqcloud.com/images/b34ecab8-bb54-4938-9890-5db78313cf53.png', 'https://banyan-yuncos-1315459122.cos.ap-chengdu.myqcloud.com/images/b6862ccb-40b1-42f7-ab35-a39f2827d095.jpg', 25662670247981, 1, 20.00);
INSERT INTO `shops` VALUES (25662670247982, '啦啦宝都上海金桥店', '上海市浦东新区新金桥路738号 125号店', '全年无休', '021-5820-02030', 'https://banyan-yuncos-1315459122.cos.ap-chengdu.myqcloud.com/images/b34ecab8-bb54-4938-9890-5db78313cf53.png', 'https://banyan-yuncos-1315459122.cos.ap-chengdu.myqcloud.com/images/b6862ccb-40b1-42f7-ab35-a39f2827d095.jpg', 25662670247982, 1, 20.00);
INSERT INTO `shops` VALUES (25662670247983, '啦啦宝都上海金桥店', '上海市浦东新区新金桥路738号 125号店', '全年无休', '021-5820-02030', 'https://banyan-yuncos-1315459122.cos.ap-chengdu.myqcloud.com/images/b34ecab8-bb54-4938-9890-5db78313cf53.png', 'https://banyan-yuncos-1315459122.cos.ap-chengdu.myqcloud.com/images/b6862ccb-40b1-42f7-ab35-a39f2827d095.jpg', 25662670247983, 1, 20.00);
INSERT INTO `shops` VALUES (25662670247984, '啦啦宝都上海金桥店', '上海市浦东新区新金桥路738号 125号店', '全年无休', '021-5820-02030', 'https://banyan-yuncos-1315459122.cos.ap-chengdu.myqcloud.com/images/b34ecab8-bb54-4938-9890-5db78313cf53.png', 'https://banyan-yuncos-1315459122.cos.ap-chengdu.myqcloud.com/images/b6862ccb-40b1-42f7-ab35-a39f2827d095.jpg', 25662670247984, 1, 20.00);
INSERT INTO `shops` VALUES (25662670247985, '啦啦宝都上海金桥店', '上海市浦东新区新金桥路738号 125号店', '全年无休', '021-5820-02030', 'https://banyan-yuncos-1315459122.cos.ap-chengdu.myqcloud.com/images/b34ecab8-bb54-4938-9890-5db78313cf53.png', 'https://banyan-yuncos-1315459122.cos.ap-chengdu.myqcloud.com/images/b6862ccb-40b1-42f7-ab35-a39f2827d095.jpg', 25662670247985, 1, 20.00);
INSERT INTO `shops` VALUES (25662670247986, '啦啦宝都上海金桥店', '上海市浦东新区新金桥路738号 125号店', '全年无休', '021-5820-02030', 'https://banyan-yuncos-1315459122.cos.ap-chengdu.myqcloud.com/images/b34ecab8-bb54-4938-9890-5db78313cf53.png', 'https://banyan-yuncos-1315459122.cos.ap-chengdu.myqcloud.com/images/b6862ccb-40b1-42f7-ab35-a39f2827d095.jpg', 25662670247986, 1, 20.00);
INSERT INTO `shops` VALUES (25662670247987, '啦啦宝都上海金桥店', '上海市浦东新区新金桥路738号 125号店', '全年无休', '021-5820-02030', 'https://banyan-yuncos-1315459122.cos.ap-chengdu.myqcloud.com/images/b34ecab8-bb54-4938-9890-5db78313cf53.png', 'https://banyan-yuncos-1315459122.cos.ap-chengdu.myqcloud.com/images/b6862ccb-40b1-42f7-ab35-a39f2827d095.jpg', 25662670247987, 1, 20.00);
INSERT INTO `shops` VALUES (25662670247988, '啦啦宝都上海金桥店', '上海市浦东新区新金桥路738号 125号店', '全年无休', '021-5820-02030', 'https://banyan-yuncos-1315459122.cos.ap-chengdu.myqcloud.com/images/b34ecab8-bb54-4938-9890-5db78313cf53.png', 'https://banyan-yuncos-1315459122.cos.ap-chengdu.myqcloud.com/images/b6862ccb-40b1-42f7-ab35-a39f2827d095.jpg', 25662670247988, 1, 20.00);
INSERT INTO `shops` VALUES (25662670247989, '啦啦宝都上海金桥店', '上海市浦东新区新金桥路738号 125号店', '全年无休', '021-5820-02030', 'https://banyan-yuncos-1315459122.cos.ap-chengdu.myqcloud.com/images/b34ecab8-bb54-4938-9890-5db78313cf53.png', 'https://banyan-yuncos-1315459122.cos.ap-chengdu.myqcloud.com/images/b6862ccb-40b1-42f7-ab35-a39f2827d095.jpg', 25662670247989, 1, 20.00);
INSERT INTO `shops` VALUES (25662670247990, '啦啦宝都上海金桥店', '上海市浦东新区新金桥路738号 125号店', '全年无休', '021-5820-02030', 'https://banyan-yuncos-1315459122.cos.ap-chengdu.myqcloud.com/images/b34ecab8-bb54-4938-9890-5db78313cf53.png', 'https://banyan-yuncos-1315459122.cos.ap-chengdu.myqcloud.com/images/b6862ccb-40b1-42f7-ab35-a39f2827d095.jpg', 25662670247990, 1, 20.00);
INSERT INTO `shops` VALUES (25662670247991, '啦啦宝都上海金桥店', '上海市浦东新区新金桥路738号 125号店', '全年无休', '021-5820-02030', 'https://banyan-yuncos-1315459122.cos.ap-chengdu.myqcloud.com/images/b34ecab8-bb54-4938-9890-5db78313cf53.png', 'https://banyan-yuncos-1315459122.cos.ap-chengdu.myqcloud.com/images/b6862ccb-40b1-42f7-ab35-a39f2827d095.jpg', 25662670247991, 1, 20.00);
INSERT INTO `shops` VALUES (25662670247992, '啦啦宝都上海金桥店', '上海市浦东新区新金桥路738号 125号店', '全年无休', '021-5820-02030', 'https://banyan-yuncos-1315459122.cos.ap-chengdu.myqcloud.com/images/b34ecab8-bb54-4938-9890-5db78313cf53.png', 'https://banyan-yuncos-1315459122.cos.ap-chengdu.myqcloud.com/images/b6862ccb-40b1-42f7-ab35-a39f2827d095.jpg', 25662670247992, 1, 20.00);
INSERT INTO `shops` VALUES (25662670247993, '啦啦宝都上海金桥店', '上海市浦东新区新金桥路738号 125号店', '全年无休', '021-5820-02030', 'https://banyan-yuncos-1315459122.cos.ap-chengdu.myqcloud.com/images/b34ecab8-bb54-4938-9890-5db78313cf53.png', 'https://banyan-yuncos-1315459122.cos.ap-chengdu.myqcloud.com/images/b6862ccb-40b1-42f7-ab35-a39f2827d095.jpg', 25662670247993, 1, 20.00);
INSERT INTO `shops` VALUES (25662670247994, '啦啦宝都上海金桥店', '上海市浦东新区新金桥路738号 125号店', '全年无休', '021-5820-02030', 'https://banyan-yuncos-1315459122.cos.ap-chengdu.myqcloud.com/images/b34ecab8-bb54-4938-9890-5db78313cf53.png', 'https://banyan-yuncos-1315459122.cos.ap-chengdu.myqcloud.com/images/b6862ccb-40b1-42f7-ab35-a39f2827d095.jpg', 25662670247994, 1, 20.00);
INSERT INTO `shops` VALUES (25662670247995, '啦啦宝都上海金桥店', '上海市浦东新区新金桥路738号 125号店', '全年无休', '021-5820-02030', 'https://banyan-yuncos-1315459122.cos.ap-chengdu.myqcloud.com/images/b34ecab8-bb54-4938-9890-5db78313cf53.png', 'https://banyan-yuncos-1315459122.cos.ap-chengdu.myqcloud.com/images/b6862ccb-40b1-42f7-ab35-a39f2827d095.jpg', 25662670247995, 1, 20.00);
INSERT INTO `shops` VALUES (25662670247996, '啦啦宝都上海金桥店', '上海市浦东新区新金桥路738号 125号店', '全年无休', '021-5820-02030', 'https://banyan-yuncos-1315459122.cos.ap-chengdu.myqcloud.com/images/b34ecab8-bb54-4938-9890-5db78313cf53.png', 'https://banyan-yuncos-1315459122.cos.ap-chengdu.myqcloud.com/images/b6862ccb-40b1-42f7-ab35-a39f2827d095.jpg', 25662670247996, 1, 20.00);
INSERT INTO `shops` VALUES (25662670247997, '啦啦宝都上海金桥店', '上海市浦东新区新金桥路738号 125号店', '全年无休', '021-5820-02030', 'https://banyan-yuncos-1315459122.cos.ap-chengdu.myqcloud.com/images/b34ecab8-bb54-4938-9890-5db78313cf53.png', 'https://banyan-yuncos-1315459122.cos.ap-chengdu.myqcloud.com/images/b6862ccb-40b1-42f7-ab35-a39f2827d095.jpg', 25662670247997, 1, 20.00);
INSERT INTO `shops` VALUES (25662670247998, '啦啦宝都上海金桥店', '上海市浦东新区新金桥路738号 125号店', '全年无休', '021-5820-02030', 'https://banyan-yuncos-1315459122.cos.ap-chengdu.myqcloud.com/images/b34ecab8-bb54-4938-9890-5db78313cf53.png', 'https://banyan-yuncos-1315459122.cos.ap-chengdu.myqcloud.com/images/b6862ccb-40b1-42f7-ab35-a39f2827d095.jpg', 25662670247998, 1, 20.00);
INSERT INTO `shops` VALUES (25662670247999, '啦啦宝都上海金桥店', '上海市浦东新区新金桥路738号 125号店', '全年无休', '021-5820-02030', 'https://banyan-yuncos-1315459122.cos.ap-chengdu.myqcloud.com/images/b34ecab8-bb54-4938-9890-5db78313cf53.png', 'https://banyan-yuncos-1315459122.cos.ap-chengdu.myqcloud.com/images/b6862ccb-40b1-42f7-ab35-a39f2827d095.jpg', 25662670247999, 1, 20.00);
INSERT INTO `shops` VALUES (25662670248000, '啦啦宝都上海金桥店', '上海市浦东新区新金桥路738号 125号店', '全年无休', '021-5820-02030', 'https://banyan-yuncos-1315459122.cos.ap-chengdu.myqcloud.com/images/b34ecab8-bb54-4938-9890-5db78313cf53.png', 'https://banyan-yuncos-1315459122.cos.ap-chengdu.myqcloud.com/images/b6862ccb-40b1-42f7-ab35-a39f2827d095.jpg', 25662670248000, 1, 20.00);
INSERT INTO `shops` VALUES (25662670248001, '啦啦宝都上海金桥店', '上海市浦东新区新金桥路738号 125号店', '全年无休', '021-5820-02030', 'https://banyan-yuncos-1315459122.cos.ap-chengdu.myqcloud.com/images/b34ecab8-bb54-4938-9890-5db78313cf53.png', 'https://banyan-yuncos-1315459122.cos.ap-chengdu.myqcloud.com/images/b6862ccb-40b1-42f7-ab35-a39f2827d095.jpg', 25662670248001, 1, 20.00);
INSERT INTO `shops` VALUES (25662670248002, '啦啦宝都上海金桥店', '上海市浦东新区新金桥路738号 125号店', '全年无休', '021-5820-02030', 'https://banyan-yuncos-1315459122.cos.ap-chengdu.myqcloud.com/images/b34ecab8-bb54-4938-9890-5db78313cf53.png', 'https://banyan-yuncos-1315459122.cos.ap-chengdu.myqcloud.com/images/b6862ccb-40b1-42f7-ab35-a39f2827d095.jpg', 25662670248002, 1, 20.00);
INSERT INTO `shops` VALUES (25662670248003, '啦啦宝都上海金桥店', '上海市浦东新区新金桥路738号 125号店', '全年无休', '021-5820-02030', 'https://banyan-yuncos-1315459122.cos.ap-chengdu.myqcloud.com/images/b34ecab8-bb54-4938-9890-5db78313cf53.png', 'https://banyan-yuncos-1315459122.cos.ap-chengdu.myqcloud.com/images/b6862ccb-40b1-42f7-ab35-a39f2827d095.jpg', 25662670248003, 1, 20.00);
INSERT INTO `shops` VALUES (25662670248004, '啦啦宝都上海金桥店', '上海市浦东新区新金桥路738号 125号店', '全年无休', '021-5820-02030', 'https://banyan-yuncos-1315459122.cos.ap-chengdu.myqcloud.com/images/b34ecab8-bb54-4938-9890-5db78313cf53.png', 'https://banyan-yuncos-1315459122.cos.ap-chengdu.myqcloud.com/images/b6862ccb-40b1-42f7-ab35-a39f2827d095.jpg', 25662670248004, 1, 20.00);
INSERT INTO `shops` VALUES (25662670248005, '啦啦宝都上海金桥店', '上海市浦东新区新金桥路738号 125号店', '全年无休', '021-5820-02030', 'https://banyan-yuncos-1315459122.cos.ap-chengdu.myqcloud.com/images/b34ecab8-bb54-4938-9890-5db78313cf53.png', 'https://banyan-yuncos-1315459122.cos.ap-chengdu.myqcloud.com/images/b6862ccb-40b1-42f7-ab35-a39f2827d095.jpg', 25662670248005, 1, 20.00);
INSERT INTO `shops` VALUES (25662670248006, '啦啦宝都上海金桥店', '上海市浦东新区新金桥路738号 125号店', '全年无休', '021-5820-02030', 'https://banyan-yuncos-1315459122.cos.ap-chengdu.myqcloud.com/images/b34ecab8-bb54-4938-9890-5db78313cf53.png', 'https://banyan-yuncos-1315459122.cos.ap-chengdu.myqcloud.com/images/b6862ccb-40b1-42f7-ab35-a39f2827d095.jpg', 25662670248006, 1, 20.00);
INSERT INTO `shops` VALUES (25662670248007, '啦啦宝都上海金桥店', '上海市浦东新区新金桥路738号 125号店', '全年无休', '021-5820-02030', 'https://banyan-yuncos-1315459122.cos.ap-chengdu.myqcloud.com/images/b34ecab8-bb54-4938-9890-5db78313cf53.png', 'https://banyan-yuncos-1315459122.cos.ap-chengdu.myqcloud.com/images/b6862ccb-40b1-42f7-ab35-a39f2827d095.jpg', 25662670248007, 1, 20.00);
INSERT INTO `shops` VALUES (25662670248008, '啦啦宝都上海金桥店', '上海市浦东新区新金桥路738号 125号店', '全年无休', '021-5820-02030', 'https://banyan-yuncos-1315459122.cos.ap-chengdu.myqcloud.com/images/b34ecab8-bb54-4938-9890-5db78313cf53.png', 'https://banyan-yuncos-1315459122.cos.ap-chengdu.myqcloud.com/images/b6862ccb-40b1-42f7-ab35-a39f2827d095.jpg', 25662670248008, 1, 20.00);
INSERT INTO `shops` VALUES (25662670248009, '啦啦宝都上海金桥店', '上海市浦东新区新金桥路738号 125号店', '全年无休', '021-5820-02030', 'https://banyan-yuncos-1315459122.cos.ap-chengdu.myqcloud.com/images/b34ecab8-bb54-4938-9890-5db78313cf53.png', 'https://banyan-yuncos-1315459122.cos.ap-chengdu.myqcloud.com/images/b6862ccb-40b1-42f7-ab35-a39f2827d095.jpg', 25662670248009, 1, 20.00);
INSERT INTO `shops` VALUES (25662670248010, '啦啦宝都上海金桥店', '上海市浦东新区新金桥路738号 125号店', '全年无休', '021-5820-02030', 'https://banyan-yuncos-1315459122.cos.ap-chengdu.myqcloud.com/images/b34ecab8-bb54-4938-9890-5db78313cf53.png', 'https://banyan-yuncos-1315459122.cos.ap-chengdu.myqcloud.com/images/b6862ccb-40b1-42f7-ab35-a39f2827d095.jpg', 25662670248010, 1, 20.00);
INSERT INTO `shops` VALUES (25662670248011, '啦啦宝都上海金桥店', '上海市浦东新区新金桥路738号 125号店', '全年无休', '021-5820-02030', 'https://banyan-yuncos-1315459122.cos.ap-chengdu.myqcloud.com/images/b34ecab8-bb54-4938-9890-5db78313cf53.png', 'https://banyan-yuncos-1315459122.cos.ap-chengdu.myqcloud.com/images/b6862ccb-40b1-42f7-ab35-a39f2827d095.jpg', 25662670248011, 1, 20.00);
INSERT INTO `shops` VALUES (25662670248012, '啦啦宝都上海金桥店', '上海市浦东新区新金桥路738号 125号店', '全年无休', '021-5820-02030', 'https://banyan-yuncos-1315459122.cos.ap-chengdu.myqcloud.com/images/b34ecab8-bb54-4938-9890-5db78313cf53.png', 'https://banyan-yuncos-1315459122.cos.ap-chengdu.myqcloud.com/images/b6862ccb-40b1-42f7-ab35-a39f2827d095.jpg', 25662670248012, 1, 20.00);
INSERT INTO `shops` VALUES (25662670248013, '啦啦宝都上海金桥店', '上海市浦东新区新金桥路738号 125号店', '全年无休', '021-5820-02030', 'https://banyan-yuncos-1315459122.cos.ap-chengdu.myqcloud.com/images/b34ecab8-bb54-4938-9890-5db78313cf53.png', 'https://banyan-yuncos-1315459122.cos.ap-chengdu.myqcloud.com/images/b6862ccb-40b1-42f7-ab35-a39f2827d095.jpg', 25662670248013, 1, 20.00);
INSERT INTO `shops` VALUES (25662670248014, '啦啦宝都上海金桥店', '上海市浦东新区新金桥路738号 125号店', '全年无休', '021-5820-02030', 'https://banyan-yuncos-1315459122.cos.ap-chengdu.myqcloud.com/images/b34ecab8-bb54-4938-9890-5db78313cf53.png', 'https://banyan-yuncos-1315459122.cos.ap-chengdu.myqcloud.com/images/b6862ccb-40b1-42f7-ab35-a39f2827d095.jpg', 25662670248014, 1, 20.00);
INSERT INTO `shops` VALUES (25662670248015, '啦啦宝都上海金桥店', '上海市浦东新区新金桥路738号 125号店', '全年无休', '021-5820-02030', 'https://banyan-yuncos-1315459122.cos.ap-chengdu.myqcloud.com/images/b34ecab8-bb54-4938-9890-5db78313cf53.png', 'https://banyan-yuncos-1315459122.cos.ap-chengdu.myqcloud.com/images/b6862ccb-40b1-42f7-ab35-a39f2827d095.jpg', 25662670248015, 1, 20.00);
INSERT INTO `shops` VALUES (25662670248016, '啦啦宝都上海金桥店', '上海市浦东新区新金桥路738号 125号店', '全年无休', '021-5820-02030', 'https://banyan-yuncos-1315459122.cos.ap-chengdu.myqcloud.com/images/b34ecab8-bb54-4938-9890-5db78313cf53.png', 'https://banyan-yuncos-1315459122.cos.ap-chengdu.myqcloud.com/images/b6862ccb-40b1-42f7-ab35-a39f2827d095.jpg', 25662670248016, 1, 20.00);
INSERT INTO `shops` VALUES (25662670248017, '啦啦宝都上海金桥店', '上海市浦东新区新金桥路738号 125号店', '全年无休', '021-5820-02030', 'https://banyan-yuncos-1315459122.cos.ap-chengdu.myqcloud.com/images/b34ecab8-bb54-4938-9890-5db78313cf53.png', 'https://banyan-yuncos-1315459122.cos.ap-chengdu.myqcloud.com/images/b6862ccb-40b1-42f7-ab35-a39f2827d095.jpg', 25662670248017, 1, 20.00);
INSERT INTO `shops` VALUES (25662670248018, '啦啦宝都上海金桥店', '上海市浦东新区新金桥路738号 125号店', '全年无休', '021-5820-02030', 'https://banyan-yuncos-1315459122.cos.ap-chengdu.myqcloud.com/images/b34ecab8-bb54-4938-9890-5db78313cf53.png', 'https://banyan-yuncos-1315459122.cos.ap-chengdu.myqcloud.com/images/b6862ccb-40b1-42f7-ab35-a39f2827d095.jpg', 25662670248018, 1, 20.00);
INSERT INTO `shops` VALUES (25662670248019, '啦啦宝都上海金桥店', '上海市浦东新区新金桥路738号 125号店', '全年无休', '021-5820-02030', 'https://banyan-yuncos-1315459122.cos.ap-chengdu.myqcloud.com/images/b34ecab8-bb54-4938-9890-5db78313cf53.png', 'https://banyan-yuncos-1315459122.cos.ap-chengdu.myqcloud.com/images/b6862ccb-40b1-42f7-ab35-a39f2827d095.jpg', 25662670248019, 1, 20.00);
INSERT INTO `shops` VALUES (25662670248020, '啦啦宝都上海金桥店', '上海市浦东新区新金桥路738号 125号店', '全年无休', '021-5820-02030', 'https://banyan-yuncos-1315459122.cos.ap-chengdu.myqcloud.com/images/b34ecab8-bb54-4938-9890-5db78313cf53.png', 'https://banyan-yuncos-1315459122.cos.ap-chengdu.myqcloud.com/images/b6862ccb-40b1-42f7-ab35-a39f2827d095.jpg', 25662670248020, 1, 20.00);
INSERT INTO `shops` VALUES (25662670248021, '啦啦宝都上海金桥店', '上海市浦东新区新金桥路738号 125号店', '全年无休', '021-5820-02030', 'https://banyan-yuncos-1315459122.cos.ap-chengdu.myqcloud.com/images/b34ecab8-bb54-4938-9890-5db78313cf53.png', 'https://banyan-yuncos-1315459122.cos.ap-chengdu.myqcloud.com/images/b6862ccb-40b1-42f7-ab35-a39f2827d095.jpg', 25662670248021, 1, 20.00);
INSERT INTO `shops` VALUES (25662670248022, '啦啦宝都上海金桥店', '上海市浦东新区新金桥路738号 125号店', '全年无休', '021-5820-02030', 'https://banyan-yuncos-1315459122.cos.ap-chengdu.myqcloud.com/images/b34ecab8-bb54-4938-9890-5db78313cf53.png', 'https://banyan-yuncos-1315459122.cos.ap-chengdu.myqcloud.com/images/b6862ccb-40b1-42f7-ab35-a39f2827d095.jpg', 25662670248022, 1, 20.00);
INSERT INTO `shops` VALUES (25662670248023, '啦啦宝都上海金桥店', '上海市浦东新区新金桥路738号 125号店', '全年无休', '021-5820-02030', 'https://banyan-yuncos-1315459122.cos.ap-chengdu.myqcloud.com/images/b34ecab8-bb54-4938-9890-5db78313cf53.png', 'https://banyan-yuncos-1315459122.cos.ap-chengdu.myqcloud.com/images/b6862ccb-40b1-42f7-ab35-a39f2827d095.jpg', 25662670248023, 1, 20.00);
INSERT INTO `shops` VALUES (25662670248024, '啦啦宝都上海金桥店', '上海市浦东新区新金桥路738号 125号店', '全年无休', '021-5820-02030', 'https://banyan-yuncos-1315459122.cos.ap-chengdu.myqcloud.com/images/b34ecab8-bb54-4938-9890-5db78313cf53.png', 'https://banyan-yuncos-1315459122.cos.ap-chengdu.myqcloud.com/images/b6862ccb-40b1-42f7-ab35-a39f2827d095.jpg', 25662670248024, 1, 20.00);
INSERT INTO `shops` VALUES (25662670248025, '啦啦宝都上海金桥店', '上海市浦东新区新金桥路738号 125号店', '全年无休', '021-5820-02030', 'https://banyan-yuncos-1315459122.cos.ap-chengdu.myqcloud.com/images/b34ecab8-bb54-4938-9890-5db78313cf53.png', 'https://banyan-yuncos-1315459122.cos.ap-chengdu.myqcloud.com/images/b6862ccb-40b1-42f7-ab35-a39f2827d095.jpg', 25662670248025, 1, 20.00);
INSERT INTO `shops` VALUES (25662670248026, '啦啦宝都上海金桥店', '上海市浦东新区新金桥路738号 125号店', '全年无休', '021-5820-02030', 'https://banyan-yuncos-1315459122.cos.ap-chengdu.myqcloud.com/images/b34ecab8-bb54-4938-9890-5db78313cf53.png', 'https://banyan-yuncos-1315459122.cos.ap-chengdu.myqcloud.com/images/b6862ccb-40b1-42f7-ab35-a39f2827d095.jpg', 25662670248026, 1, 20.00);
INSERT INTO `shops` VALUES (25662670248027, '啦啦宝都上海金桥店', '上海市浦东新区新金桥路738号 125号店', '全年无休', '021-5820-02030', 'https://banyan-yuncos-1315459122.cos.ap-chengdu.myqcloud.com/images/b34ecab8-bb54-4938-9890-5db78313cf53.png', 'https://banyan-yuncos-1315459122.cos.ap-chengdu.myqcloud.com/images/b6862ccb-40b1-42f7-ab35-a39f2827d095.jpg', 25662670248027, 1, 20.00);
INSERT INTO `shops` VALUES (25662670248028, '啦啦宝都上海金桥店', '上海市浦东新区新金桥路738号 125号店', '全年无休', '021-5820-02030', 'https://banyan-yuncos-1315459122.cos.ap-chengdu.myqcloud.com/images/b34ecab8-bb54-4938-9890-5db78313cf53.png', 'https://banyan-yuncos-1315459122.cos.ap-chengdu.myqcloud.com/images/b6862ccb-40b1-42f7-ab35-a39f2827d095.jpg', 25662670248028, 1, 20.00);
INSERT INTO `shops` VALUES (25662670248029, '啦啦宝都上海金桥店', '上海市浦东新区新金桥路738号 125号店', '全年无休', '021-5820-02030', 'https://banyan-yuncos-1315459122.cos.ap-chengdu.myqcloud.com/images/b34ecab8-bb54-4938-9890-5db78313cf53.png', 'https://banyan-yuncos-1315459122.cos.ap-chengdu.myqcloud.com/images/b6862ccb-40b1-42f7-ab35-a39f2827d095.jpg', 25662670248029, 1, 20.00);
INSERT INTO `shops` VALUES (25662670248030, '啦啦宝都上海金桥店', '上海市浦东新区新金桥路738号 125号店', '全年无休', '021-5820-02030', 'https://banyan-yuncos-1315459122.cos.ap-chengdu.myqcloud.com/images/b34ecab8-bb54-4938-9890-5db78313cf53.png', 'https://banyan-yuncos-1315459122.cos.ap-chengdu.myqcloud.com/images/b6862ccb-40b1-42f7-ab35-a39f2827d095.jpg', 25662670248030, 1, 20.00);
INSERT INTO `shops` VALUES (25662670248031, '啦啦宝都上海金桥店', '上海市浦东新区新金桥路738号 125号店', '全年无休', '021-5820-02030', 'https://banyan-yuncos-1315459122.cos.ap-chengdu.myqcloud.com/images/b34ecab8-bb54-4938-9890-5db78313cf53.png', 'https://banyan-yuncos-1315459122.cos.ap-chengdu.myqcloud.com/images/b6862ccb-40b1-42f7-ab35-a39f2827d095.jpg', 25662670248031, 1, 20.00);
INSERT INTO `shops` VALUES (25662670248032, '啦啦宝都上海金桥店', '上海市浦东新区新金桥路738号 125号店', '全年无休', '021-5820-02030', 'https://banyan-yuncos-1315459122.cos.ap-chengdu.myqcloud.com/images/b34ecab8-bb54-4938-9890-5db78313cf53.png', 'https://banyan-yuncos-1315459122.cos.ap-chengdu.myqcloud.com/images/b6862ccb-40b1-42f7-ab35-a39f2827d095.jpg', 25662670248032, 1, 20.00);
INSERT INTO `shops` VALUES (25662670248033, '啦啦宝都上海金桥店', '上海市浦东新区新金桥路738号 125号店', '全年无休', '021-5820-02030', 'https://banyan-yuncos-1315459122.cos.ap-chengdu.myqcloud.com/images/b34ecab8-bb54-4938-9890-5db78313cf53.png', 'https://banyan-yuncos-1315459122.cos.ap-chengdu.myqcloud.com/images/b6862ccb-40b1-42f7-ab35-a39f2827d095.jpg', 25662670248033, 1, 20.00);
INSERT INTO `shops` VALUES (25662670248034, '啦啦宝都上海金桥店', '上海市浦东新区新金桥路738号 125号店', '全年无休', '021-5820-02030', 'https://banyan-yuncos-1315459122.cos.ap-chengdu.myqcloud.com/images/b34ecab8-bb54-4938-9890-5db78313cf53.png', 'https://banyan-yuncos-1315459122.cos.ap-chengdu.myqcloud.com/images/b6862ccb-40b1-42f7-ab35-a39f2827d095.jpg', 25662670248034, 1, 20.00);
INSERT INTO `shops` VALUES (25662670248035, '啦啦宝都上海金桥店', '上海市浦东新区新金桥路738号 125号店', '全年无休', '021-5820-02030', 'https://banyan-yuncos-1315459122.cos.ap-chengdu.myqcloud.com/images/b34ecab8-bb54-4938-9890-5db78313cf53.png', 'https://banyan-yuncos-1315459122.cos.ap-chengdu.myqcloud.com/images/b6862ccb-40b1-42f7-ab35-a39f2827d095.jpg', 25662670248035, 1, 20.00);
INSERT INTO `shops` VALUES (25662670248036, '啦啦宝都上海金桥店', '上海市浦东新区新金桥路738号 125号店', '全年无休', '021-5820-02030', 'https://banyan-yuncos-1315459122.cos.ap-chengdu.myqcloud.com/images/b34ecab8-bb54-4938-9890-5db78313cf53.png', 'https://banyan-yuncos-1315459122.cos.ap-chengdu.myqcloud.com/images/b6862ccb-40b1-42f7-ab35-a39f2827d095.jpg', 25662670248036, 1, 20.00);
INSERT INTO `shops` VALUES (25662670248037, '啦啦宝都上海金桥店', '上海市浦东新区新金桥路738号 125号店', '全年无休', '021-5820-02030', 'https://banyan-yuncos-1315459122.cos.ap-chengdu.myqcloud.com/images/b34ecab8-bb54-4938-9890-5db78313cf53.png', 'https://banyan-yuncos-1315459122.cos.ap-chengdu.myqcloud.com/images/b6862ccb-40b1-42f7-ab35-a39f2827d095.jpg', 25662670248037, 1, 20.00);
INSERT INTO `shops` VALUES (25662670248038, '啦啦宝都上海金桥店', '上海市浦东新区新金桥路738号 125号店', '全年无休', '021-5820-02030', 'https://banyan-yuncos-1315459122.cos.ap-chengdu.myqcloud.com/images/b34ecab8-bb54-4938-9890-5db78313cf53.png', 'https://banyan-yuncos-1315459122.cos.ap-chengdu.myqcloud.com/images/b6862ccb-40b1-42f7-ab35-a39f2827d095.jpg', 25662670248038, 1, 20.00);
INSERT INTO `shops` VALUES (25662670248039, '啦啦宝都上海金桥店', '上海市浦东新区新金桥路738号 125号店', '全年无休', '021-5820-02030', 'https://banyan-yuncos-1315459122.cos.ap-chengdu.myqcloud.com/images/b34ecab8-bb54-4938-9890-5db78313cf53.png', 'https://banyan-yuncos-1315459122.cos.ap-chengdu.myqcloud.com/images/b6862ccb-40b1-42f7-ab35-a39f2827d095.jpg', 25662670248039, 1, 20.00);
INSERT INTO `shops` VALUES (25662670248040, '啦啦宝都上海金桥店', '上海市浦东新区新金桥路738号 125号店', '全年无休', '021-5820-02030', 'https://banyan-yuncos-1315459122.cos.ap-chengdu.myqcloud.com/images/b34ecab8-bb54-4938-9890-5db78313cf53.png', 'https://banyan-yuncos-1315459122.cos.ap-chengdu.myqcloud.com/images/b6862ccb-40b1-42f7-ab35-a39f2827d095.jpg', 25662670248040, 1, 20.00);
INSERT INTO `shops` VALUES (25662670248041, '啦啦宝都上海金桥店', '上海市浦东新区新金桥路738号 125号店', '全年无休', '021-5820-02030', 'https://banyan-yuncos-1315459122.cos.ap-chengdu.myqcloud.com/images/b34ecab8-bb54-4938-9890-5db78313cf53.png', 'https://banyan-yuncos-1315459122.cos.ap-chengdu.myqcloud.com/images/b6862ccb-40b1-42f7-ab35-a39f2827d095.jpg', 25662670248041, 1, 20.00);
INSERT INTO `shops` VALUES (25662670248042, '啦啦宝都上海金桥店', '上海市浦东新区新金桥路738号 125号店', '全年无休', '021-5820-02030', 'https://banyan-yuncos-1315459122.cos.ap-chengdu.myqcloud.com/images/b34ecab8-bb54-4938-9890-5db78313cf53.png', 'https://banyan-yuncos-1315459122.cos.ap-chengdu.myqcloud.com/images/b6862ccb-40b1-42f7-ab35-a39f2827d095.jpg', 25662670248042, 1, 20.00);
INSERT INTO `shops` VALUES (25662670248043, '啦啦宝都上海金桥店', '上海市浦东新区新金桥路738号 125号店', '全年无休', '021-5820-02030', 'https://banyan-yuncos-1315459122.cos.ap-chengdu.myqcloud.com/images/b34ecab8-bb54-4938-9890-5db78313cf53.png', 'https://banyan-yuncos-1315459122.cos.ap-chengdu.myqcloud.com/images/b6862ccb-40b1-42f7-ab35-a39f2827d095.jpg', 25662670248043, 1, 20.00);
INSERT INTO `shops` VALUES (25662670248044, '啦啦宝都上海金桥店', '上海市浦东新区新金桥路738号 125号店', '全年无休', '021-5820-02030', 'https://banyan-yuncos-1315459122.cos.ap-chengdu.myqcloud.com/images/b34ecab8-bb54-4938-9890-5db78313cf53.png', 'https://banyan-yuncos-1315459122.cos.ap-chengdu.myqcloud.com/images/b6862ccb-40b1-42f7-ab35-a39f2827d095.jpg', 25662670248044, 1, 20.00);
INSERT INTO `shops` VALUES (25662670248045, '啦啦宝都上海金桥店', '上海市浦东新区新金桥路738号 125号店', '全年无休', '021-5820-02030', 'https://banyan-yuncos-1315459122.cos.ap-chengdu.myqcloud.com/images/b34ecab8-bb54-4938-9890-5db78313cf53.png', 'https://banyan-yuncos-1315459122.cos.ap-chengdu.myqcloud.com/images/b6862ccb-40b1-42f7-ab35-a39f2827d095.jpg', 25662670248045, 1, 20.00);
INSERT INTO `shops` VALUES (25662670248046, '啦啦宝都上海金桥店', '上海市浦东新区新金桥路738号 125号店', '全年无休', '021-5820-02030', 'https://banyan-yuncos-1315459122.cos.ap-chengdu.myqcloud.com/images/b34ecab8-bb54-4938-9890-5db78313cf53.png', 'https://banyan-yuncos-1315459122.cos.ap-chengdu.myqcloud.com/images/b6862ccb-40b1-42f7-ab35-a39f2827d095.jpg', 25662670248046, 1, 20.00);
INSERT INTO `shops` VALUES (25662670248047, '啦啦宝都上海金桥店', '上海市浦东新区新金桥路738号 125号店', '全年无休', '021-5820-02030', 'https://banyan-yuncos-1315459122.cos.ap-chengdu.myqcloud.com/images/b34ecab8-bb54-4938-9890-5db78313cf53.png', 'https://banyan-yuncos-1315459122.cos.ap-chengdu.myqcloud.com/images/b6862ccb-40b1-42f7-ab35-a39f2827d095.jpg', 25662670248047, 1, 20.00);
INSERT INTO `shops` VALUES (25662670248048, '啦啦宝都上海金桥店', '上海市浦东新区新金桥路738号 125号店', '全年无休', '021-5820-02030', 'https://banyan-yuncos-1315459122.cos.ap-chengdu.myqcloud.com/images/b34ecab8-bb54-4938-9890-5db78313cf53.png', 'https://banyan-yuncos-1315459122.cos.ap-chengdu.myqcloud.com/images/b6862ccb-40b1-42f7-ab35-a39f2827d095.jpg', 25662670248048, 1, 20.00);
INSERT INTO `shops` VALUES (25662670248049, '啦啦宝都上海金桥店', '上海市浦东新区新金桥路738号 125号店', '全年无休', '021-5820-02030', 'https://banyan-yuncos-1315459122.cos.ap-chengdu.myqcloud.com/images/b34ecab8-bb54-4938-9890-5db78313cf53.png', 'https://banyan-yuncos-1315459122.cos.ap-chengdu.myqcloud.com/images/b6862ccb-40b1-42f7-ab35-a39f2827d095.jpg', 25662670248049, 1, 20.00);
INSERT INTO `shops` VALUES (25662670248050, '啦啦宝都上海金桥店', '上海市浦东新区新金桥路738号 125号店', '全年无休', '021-5820-02030', 'https://banyan-yuncos-1315459122.cos.ap-chengdu.myqcloud.com/images/b34ecab8-bb54-4938-9890-5db78313cf53.png', 'https://banyan-yuncos-1315459122.cos.ap-chengdu.myqcloud.com/images/b6862ccb-40b1-42f7-ab35-a39f2827d095.jpg', 25662670248050, 1, 20.00);
INSERT INTO `shops` VALUES (25662670248051, '啦啦宝都上海金桥店', '上海市浦东新区新金桥路738号 125号店', '全年无休', '021-5820-02030', 'https://banyan-yuncos-1315459122.cos.ap-chengdu.myqcloud.com/images/b34ecab8-bb54-4938-9890-5db78313cf53.png', 'https://banyan-yuncos-1315459122.cos.ap-chengdu.myqcloud.com/images/b6862ccb-40b1-42f7-ab35-a39f2827d095.jpg', 25662670248051, 1, 20.00);

-- ----------------------------
-- Table structure for shops_images
-- ----------------------------
DROP TABLE IF EXISTS `shops_images`;
CREATE TABLE `shops_images`  (
  `id` bigint NOT NULL AUTO_INCREMENT COMMENT '主键ID，唯一标识每一个图片',
  `store_id` bigint NULL DEFAULT NULL COMMENT '商店ID，逻辑外键，关联商店表',
  `image_url` varchar(2048) CHARACTER SET utf8mb4 COLLATE utf8mb4_0900_ai_ci NULL DEFAULT NULL COMMENT '图片URL，存储图片的网络地址',
  `description` text CHARACTER SET utf8mb4 COLLATE utf8mb4_0900_ai_ci NULL COMMENT '图片描述，提供图片的简短描述',
  PRIMARY KEY (`id`) USING BTREE,
  INDEX `idx_store_id`(`store_id` ASC) USING BTREE
) ENGINE = InnoDB AUTO_INCREMENT = 27040227772929 CHARACTER SET = utf8mb4 COLLATE = utf8mb4_0900_ai_ci COMMENT = '商品图片表，存储商店中商品的图片信息' ROW_FORMAT = Dynamic;

-- ----------------------------
-- Records of shops_images
-- ----------------------------
INSERT INTO `shops_images` VALUES (27011729305856, 25662670247936, 'https://banyan-yuncos-1315459122.cos.ap-chengdu.myqcloud.com/images/20f9eb48-0264-4783-90b9-92fb44e0a1ea.jpg', NULL);
INSERT INTO `shops_images` VALUES (27011731792896, 25662670247936, 'https://banyan-yuncos-1315459122.cos.ap-chengdu.myqcloud.com/images/dd1b4b93-9bf1-43ea-bcb7-29bba4161483.jpg', NULL);
INSERT INTO `shops_images` VALUES (27040215419392, 25662670247936, 'https://banyan-yuncos-1315459122.cos.ap-chengdu.myqcloud.com/images/726c58ec-b852-42ce-816d-00254af464c7.jpg', NULL);

-- ----------------------------
-- Table structure for sys_permission
-- ----------------------------
DROP TABLE IF EXISTS `sys_permission`;
CREATE TABLE `sys_permission`  (
  `id` bigint NOT NULL AUTO_INCREMENT,
  `name` varchar(50) CHARACTER SET utf8mb4 COLLATE utf8mb4_0900_ai_ci NOT NULL,
  `description` varchar(255) CHARACTER SET utf8mb4 COLLATE utf8mb4_0900_ai_ci NULL DEFAULT NULL,
  `url` varchar(255) CHARACTER SET utf8mb4 COLLATE utf8mb4_0900_ai_ci NULL DEFAULT NULL,
  `method` varchar(10) CHARACTER SET utf8mb4 COLLATE utf8mb4_0900_ai_ci NULL DEFAULT NULL,
  PRIMARY KEY (`id`) USING BTREE,
  UNIQUE INDEX `name_unique`(`name` ASC) USING BTREE
) ENGINE = InnoDB AUTO_INCREMENT = 26062252692993 CHARACTER SET = utf8mb4 COLLATE = utf8mb4_0900_ai_ci ROW_FORMAT = Dynamic;

-- ----------------------------
-- Records of sys_permission
-- ----------------------------
INSERT INTO `sys_permission` VALUES (25662670247942, 'admin', '', '', '');
INSERT INTO `sys_permission` VALUES (25662670247943, 'admin2', '', '', '');
INSERT INTO `sys_permission` VALUES (26062252692992, 'test', '测试', NULL, NULL);

-- ----------------------------
-- Table structure for sys_role
-- ----------------------------
DROP TABLE IF EXISTS `sys_role`;
CREATE TABLE `sys_role`  (
  `id` bigint NOT NULL AUTO_INCREMENT,
  `name` varchar(50) CHARACTER SET utf8mb4 COLLATE utf8mb4_0900_ai_ci NOT NULL,
  `description` varchar(255) CHARACTER SET utf8mb4 COLLATE utf8mb4_0900_ai_ci NULL DEFAULT NULL,
  PRIMARY KEY (`id`) USING BTREE,
  UNIQUE INDEX `name_unique`(`name` ASC) USING BTREE
) ENGINE = InnoDB AUTO_INCREMENT = 125662670247940 CHARACTER SET = utf8mb4 COLLATE = utf8mb4_0900_ai_ci ROW_FORMAT = Dynamic;

-- ----------------------------
-- Records of sys_role
-- ----------------------------
INSERT INTO `sys_role` VALUES (25662670247939, 'manager', '');
INSERT INTO `sys_role` VALUES (25662670247940, 'manager1', '');
INSERT INTO `sys_role` VALUES (25662670247941, 'super-admin', '');
INSERT INTO `sys_role` VALUES (25708423365376, 'shop', '');
INSERT INTO `sys_role` VALUES (26015577391104, 'user', '');
INSERT INTO `sys_role` VALUES (26038611124480, 'user1', '');
INSERT INTO `sys_role` VALUES (26059829396992, 'user3213', '');
INSERT INTO `sys_role` VALUES (26060515354880, 'test', '角色添加测试1231');

-- ----------------------------
-- Table structure for sys_role_permission
-- ----------------------------
DROP TABLE IF EXISTS `sys_role_permission`;
CREATE TABLE `sys_role_permission`  (
  `id` bigint NOT NULL AUTO_INCREMENT,
  `role_id` bigint NOT NULL,
  `permission_id` bigint NOT NULL,
  PRIMARY KEY (`id`) USING BTREE,
  UNIQUE INDEX `role_permission_unique`(`role_id` ASC, `permission_id` ASC) USING BTREE
) ENGINE = InnoDB AUTO_INCREMENT = 26061484708865 CHARACTER SET = utf8mb4 COLLATE = utf8mb4_0900_ai_ci ROW_FORMAT = Dynamic;

-- ----------------------------
-- Records of sys_role_permission
-- ----------------------------
INSERT INTO `sys_role_permission` VALUES (25662670247944, 25662670247941, 25662670247942);
INSERT INTO `sys_role_permission` VALUES (26061484708864, 25662670247941, 25662670247943);

-- ----------------------------
-- Table structure for sys_user
-- ----------------------------
DROP TABLE IF EXISTS `sys_user`;
CREATE TABLE `sys_user`  (
  `id` bigint NOT NULL AUTO_INCREMENT,
  `username` varchar(50) CHARACTER SET utf8mb4 COLLATE utf8mb4_0900_ai_ci NOT NULL,
  `password` varchar(100) CHARACTER SET utf8mb4 COLLATE utf8mb4_0900_ai_ci NOT NULL,
  `email` varchar(100) CHARACTER SET utf8mb4 COLLATE utf8mb4_0900_ai_ci NULL DEFAULT NULL,
  `phone` varchar(20) CHARACTER SET utf8mb4 COLLATE utf8mb4_0900_ai_ci NULL DEFAULT NULL,
  `gender` int NULL DEFAULT NULL,
  `birth_date` datetime NULL DEFAULT NULL,
  `address` varchar(255) CHARACTER SET utf8mb4 COLLATE utf8mb4_0900_ai_ci NULL DEFAULT NULL,
  `autograph` varchar(255) CHARACTER SET utf8mb4 COLLATE utf8mb4_0900_ai_ci NULL DEFAULT NULL,
  PRIMARY KEY (`id`) USING BTREE,
  UNIQUE INDEX `username_unique`(`username` ASC) USING BTREE,
  UNIQUE INDEX `phone_unique`(`phone` ASC) USING BTREE
) ENGINE = InnoDB AUTO_INCREMENT = 26128307577857 CHARACTER SET = utf8mb4 COLLATE = utf8mb4_0900_ai_ci ROW_FORMAT = Dynamic;

-- ----------------------------
-- Records of sys_user
-- ----------------------------
INSERT INTO `sys_user` VALUES (25662670247936, 'test', 'e10adc3949ba59abbe56e057f20f883e', '1799053117@qq.com', '18090532775', NULL, NULL, NULL, '23123132');
INSERT INTO `sys_user` VALUES (25662670247937, 'test1', 'e10adc3949ba59abbe56e057f20f883e', '1799053116@qq.com', '18090532776', NULL, NULL, NULL, NULL);
INSERT INTO `sys_user` VALUES (25662670247938, 'test3', 'e10adc3949ba59abbe56e057f20f883e', '1799053116@qq.com', '18090532789', NULL, NULL, NULL, NULL);
INSERT INTO `sys_user` VALUES (25662670247957, 'Cai Jialun', '0BmKX78tZU', 'jialcai@gmail.com', '7284 181927', NULL, NULL, NULL, NULL);
INSERT INTO `sys_user` VALUES (25662670247958, 'Yam Lai Yan', 'GTbOJpjlL4', 'lyyam@outlook.com', '(20) 8475 2965', NULL, NULL, NULL, NULL);
INSERT INTO `sys_user` VALUES (25662670247959, 'Lee Wing Fat', '9dIBrunB0k', 'lewing02@icloud.com', '(1223) 38 1248', NULL, NULL, NULL, NULL);
INSERT INTO `sys_user` VALUES (25662670247960, 'Koo Kwok Kuen', 'DJFyuUsaoA', 'kwokkuenkoo@gmail.com', '21-226-5664', NULL, NULL, NULL, NULL);
INSERT INTO `sys_user` VALUES (25662670247961, 'Sherry Sanders', 'Szg5k7lU4J', 'sanders3@gmail.com', '5096 866051', NULL, NULL, NULL, NULL);
INSERT INTO `sys_user` VALUES (25662670247962, 'Todd Peterson', '31NIBln9mH', 'toddp5@gmail.com', '5691 086514', NULL, NULL, NULL, NULL);
INSERT INTO `sys_user` VALUES (25662670247965, 'Pang Wai Man', 'Aja8j9R9Mg', 'waiman10@outlook.com', '(116) 716 1675', NULL, NULL, NULL, NULL);
INSERT INTO `sys_user` VALUES (25662670247966, 'Yang Yuning', 'wzNQ0xV3cB', 'yuningya@mail.com', '718-151-1008', NULL, NULL, NULL, NULL);
INSERT INTO `sys_user` VALUES (25662670247967, 'Chan Ka Man', 'qVOThGRdkB', 'chankm6@gmail.com', '158-4280-7954', NULL, NULL, NULL, NULL);
INSERT INTO `sys_user` VALUES (25662670247968, 'Barbara Miller', 'iYdV7vfToG', 'barbaramille@hotmail.com', '(121) 804 3834', NULL, NULL, NULL, NULL);
INSERT INTO `sys_user` VALUES (25662670247969, 'Evelyn Robertson', 'Z2TEsApmnb', 'robertson12@outlook.com', '213-113-0424', NULL, NULL, NULL, NULL);
INSERT INTO `sys_user` VALUES (25662670247970, 'He Rui', 'BLdn360ZH3', 'rh1209@gmail.com', '330-962-5227', NULL, NULL, NULL, NULL);
INSERT INTO `sys_user` VALUES (25662670247971, 'Hao Yuning', 'Oig2OQ2hsQ', 'haoyun@outlook.com', '52-245-6566', NULL, NULL, NULL, NULL);
INSERT INTO `sys_user` VALUES (25662670247972, 'Shi Jiehong', 'NI6cGv5agf', 'shij@gmail.com', '5807 631381', NULL, NULL, NULL, NULL);
INSERT INTO `sys_user` VALUES (25662670247973, 'Stephanie Griffin', 'agXygnVSof', 'stephanie1217@icloud.com', '(161) 438 6276', NULL, NULL, NULL, NULL);
INSERT INTO `sys_user` VALUES (25662670247974, 'Bonnie Castro', 'Evhn9GcNka', 'bonniec@yahoo.com', '838-138-1440', NULL, NULL, NULL, NULL);
INSERT INTO `sys_user` VALUES (25662670247975, 'Otsuka Daichi', 'Im7VEgCNx7', 'oda@gmail.com', '3-0432-9092', NULL, NULL, NULL, NULL);
INSERT INTO `sys_user` VALUES (25662670247976, 'Kikuchi Airi', 'eMkTHB1Il6', 'kikuchiairi10@yahoo.com', '213-578-2544', NULL, NULL, NULL, NULL);
INSERT INTO `sys_user` VALUES (25662670247977, 'Peng Jiehong', 'gTEeJlvm0H', 'pengjieho1@gmail.com', '212-596-5749', NULL, NULL, NULL, NULL);
INSERT INTO `sys_user` VALUES (25662670247978, 'Jeff Roberts', 'lNUHqSaJm2', 'roberts10@mail.com', '70-1090-9756', NULL, NULL, NULL, NULL);
INSERT INTO `sys_user` VALUES (25662670247979, 'Zhou Zitao', 'IrvcEBELkU', 'zhou113@outlook.com', '80-8399-1191', NULL, NULL, NULL, NULL);
INSERT INTO `sys_user` VALUES (25662670247980, 'Takeda Daisuke', 'KPLSgFpRuC', 'tdaisuke51@outlook.com', '7027 052379', NULL, NULL, NULL, NULL);
INSERT INTO `sys_user` VALUES (25662670247981, 'Yuen On Na', 'jaaZtrjx8f', 'onnayuen@gmail.com', '(121) 392 0728', NULL, NULL, NULL, NULL);
INSERT INTO `sys_user` VALUES (25662670247982, 'Jennifer Fernandez', 'PHxBKl0RII', 'jefe@icloud.com', '(1223) 16 1183', NULL, NULL, NULL, NULL);
INSERT INTO `sys_user` VALUES (25662670247983, 'Yamaguchi Mitsuki', 'BO64Ha7ofH', 'mityama@outlook.com', '755-3798-4165', NULL, NULL, NULL, NULL);
INSERT INTO `sys_user` VALUES (25662670247984, 'Shen Lu', 'AIlqkQ4jFh', 'lushe10@gmail.com', '156-3770-3379', NULL, NULL, NULL, NULL);
INSERT INTO `sys_user` VALUES (25662670247985, 'Hsuan Tin Lok', 'o8JvsreqiC', 'tinlokhsuan1@outlook.com', '5798 060650', NULL, NULL, NULL, NULL);
INSERT INTO `sys_user` VALUES (25662670247986, 'Emma Graham', '8D9ByFlFi2', 'gemma@mail.com', '213-365-6655', NULL, NULL, NULL, NULL);
INSERT INTO `sys_user` VALUES (25662670247987, 'Chen Rui', 'N68HlgMFvV', 'cr10@gmail.com', '(151) 311 8419', NULL, NULL, NULL, NULL);
INSERT INTO `sys_user` VALUES (25662670247988, 'Tam Tsz Hin', '37YoVaRYNM', 'tszhintam7@yahoo.com', '718-668-0304', NULL, NULL, NULL, NULL);
INSERT INTO `sys_user` VALUES (25662670247989, 'Chung Chi Ming', 'sU9FsTnNbf', 'chungchiming724@icloud.com', '312-459-3234', NULL, NULL, NULL, NULL);
INSERT INTO `sys_user` VALUES (25662670247990, 'Judy Mendoza', 'ZtXvy58oMU', 'mj829@icloud.com', '7849 188930', NULL, NULL, NULL, NULL);
INSERT INTO `sys_user` VALUES (25662670247991, 'Leung Kwok Wing', 'S4gEfG5fdy', 'leungkw@gmail.com', '7480 624830', NULL, NULL, NULL, NULL);
INSERT INTO `sys_user` VALUES (25662670247992, 'Yeow Wai Yee', 'U1DmqMuSS1', 'wyyeow@icloud.com', '7115 463130', NULL, NULL, NULL, NULL);
INSERT INTO `sys_user` VALUES (25662670247993, 'Tao Rui', 'MWz7GspBEX', 'tarui6@gmail.com', '66-481-6136', NULL, NULL, NULL, NULL);
INSERT INTO `sys_user` VALUES (25662670247994, 'Saito Ren', 'BjDZ3zPIbY', 'rensaito@outlook.com', '70-3320-6665', NULL, NULL, NULL, NULL);
INSERT INTO `sys_user` VALUES (25662670247995, 'Eugene Perry', '8YqkIqb2CX', 'perreugene10@gmail.com', '5441 400238', NULL, NULL, NULL, NULL);
INSERT INTO `sys_user` VALUES (25662670247996, 'Ishida Hana', 'IO02mloUfa', 'hanaishi@yahoo.com', '66-020-0961', NULL, NULL, NULL, NULL);
INSERT INTO `sys_user` VALUES (25662670247997, 'Kojima Takuya', 'JCEW8v1gPO', 'takuya1@hotmail.com', '80-6849-3082', NULL, NULL, NULL, NULL);
INSERT INTO `sys_user` VALUES (25662670247998, 'Ishii Momoka', 'v9jhUExZQS', 'ishii205@outlook.com', '312-357-9864', NULL, NULL, NULL, NULL);
INSERT INTO `sys_user` VALUES (25662670247999, 'Kevin Wright', 'ReNUvDLqSC', 'wrightkevin@gmail.com', '614-730-5886', NULL, NULL, NULL, NULL);
INSERT INTO `sys_user` VALUES (25662670248000, 'Chiba Rin', 'gXaeeAfjGe', 'rinch118@gmail.com', '(116) 531 8169', NULL, NULL, NULL, NULL);
INSERT INTO `sys_user` VALUES (25662670248001, 'Nishimura Yuito', 'wOuXVOjDI9', 'niyui@outlook.com', '90-2013-1698', NULL, NULL, NULL, NULL);
INSERT INTO `sys_user` VALUES (25662670248002, 'Kong Ziyi', 'NlwZeM3Ido', 'kongziy@gmail.com', '(121) 956 8233', NULL, NULL, NULL, NULL);
INSERT INTO `sys_user` VALUES (25662670248003, 'Fujiwara Ayato', 'QGSO6BHsif', 'ayato1206@gmail.com', '168-0187-5469', NULL, NULL, NULL, NULL);
INSERT INTO `sys_user` VALUES (25662670248004, 'Ma Wai San', 'wkhN2QSNMa', 'mwaisan117@outlook.com', '28-0080-7275', NULL, NULL, NULL, NULL);
INSERT INTO `sys_user` VALUES (25662670248005, 'Chen Lan', 'RmEzYlpTcM', 'cla7@gmail.com', '28-108-7813', NULL, NULL, NULL, NULL);
INSERT INTO `sys_user` VALUES (25662670248006, 'Sato Misaki', 'sm8eSPVc3i', 'msato@hotmail.com', '52-665-9138', NULL, NULL, NULL, NULL);
INSERT INTO `sys_user` VALUES (25662670248007, 'Ruth Patterson', 'PnYrMGmyc0', 'pattersonruth@gmail.com', '312-999-4692', NULL, NULL, NULL, NULL);
INSERT INTO `sys_user` VALUES (25662670248008, 'Wendy Washington', 'kqGInwmCpe', 'washingtonwendy@outlook.com', '11-481-3472', NULL, NULL, NULL, NULL);
INSERT INTO `sys_user` VALUES (25662670248009, 'Matsumoto Kenta', 'TdgpAnENmP', 'mkenta@outlook.com', '80-5809-4203', NULL, NULL, NULL, NULL);
INSERT INTO `sys_user` VALUES (25662670248010, 'Ku Ka Ling', 'q7PSMV9VEb', 'kukl@yahoo.com', '614-840-6705', NULL, NULL, NULL, NULL);
INSERT INTO `sys_user` VALUES (25662670248011, 'Choi Wing Kuen', 'xSQig2Kehe', 'chowk1215@gmail.com', '70-6301-3853', NULL, NULL, NULL, NULL);
INSERT INTO `sys_user` VALUES (25662670248012, 'Rhonda Butler', 'VWPf9GQu4v', 'br717@gmail.com', '(1223) 95 1345', NULL, NULL, NULL, NULL);
INSERT INTO `sys_user` VALUES (25662670248013, 'Ueda Misaki', 'PiX6oJ4PY2', 'ueda5@hotmail.com', '312-074-3005', NULL, NULL, NULL, NULL);
INSERT INTO `sys_user` VALUES (25662670248014, 'Chow Yun Fat', 'lRLAKIPTtA', 'yunfat1@hotmail.com', '90-2621-6892', NULL, NULL, NULL, NULL);
INSERT INTO `sys_user` VALUES (25662670248015, 'Du Zhiyuan', '7i6IINLDpC', 'zhiyuan9@icloud.com', '312-192-2403', NULL, NULL, NULL, NULL);
INSERT INTO `sys_user` VALUES (25662670248016, 'Tang Yun Fat', 'v1xm08g4Sg', 'tyunfat@gmail.com', '(1223) 92 4650', NULL, NULL, NULL, NULL);
INSERT INTO `sys_user` VALUES (25662670248017, 'Imai Minato', 'Fy7wz74bHr', 'imaiminato1@hotmail.com', '(20) 7208 6061', NULL, NULL, NULL, NULL);
INSERT INTO `sys_user` VALUES (25662670248018, 'Craig Hicks', 'LCOizqs7oF', 'craighic2@hotmail.com', '(20) 9734 6029', NULL, NULL, NULL, NULL);
INSERT INTO `sys_user` VALUES (25662670248019, 'Ricky Woods', 'L6WNbGI0hB', 'woods7@gmail.com', '66-079-0153', NULL, NULL, NULL, NULL);
INSERT INTO `sys_user` VALUES (25662670248020, 'Luo Shihan', 'hPw3KirDYp', 'luoshih@gmail.com', '70-4219-2077', NULL, NULL, NULL, NULL);
INSERT INTO `sys_user` VALUES (25662670248021, 'Qian Jialun', 'oe0FGCVTSq', 'jqia@outlook.com', '5896 109745', NULL, NULL, NULL, NULL);
INSERT INTO `sys_user` VALUES (25662670248022, 'He Lu', 'tPHC6js8He', 'helu7@gmail.com', '28-603-9396', NULL, NULL, NULL, NULL);
INSERT INTO `sys_user` VALUES (25662670248023, 'Siu Yu Ling', 'VRufySkriD', 'yuling321@outlook.com', '28-385-5889', NULL, NULL, NULL, NULL);
INSERT INTO `sys_user` VALUES (25662670248024, 'Long Zhiyuan', 'sTaQyzTEyK', 'lzh@gmail.com', '7252 484391', NULL, NULL, NULL, NULL);
INSERT INTO `sys_user` VALUES (25662670248025, 'Fung Fat', 'uF86L03yhA', 'fafun627@yahoo.com', '5186 160230', NULL, NULL, NULL, NULL);
INSERT INTO `sys_user` VALUES (25662670248026, 'Ichikawa Yuto', '3sIrtX3VA1', 'yutichikawa1968@gmail.com', '213-711-2534', NULL, NULL, NULL, NULL);
INSERT INTO `sys_user` VALUES (25662670248027, 'Yuen Ka Keung', 'gbMbgH9AFy', 'kkyue@icloud.com', '755-3452-7648', NULL, NULL, NULL, NULL);
INSERT INTO `sys_user` VALUES (25662670248028, 'Theresa Price', 'zOeyZMs8ZS', 'price1002@mail.com', '10-3181-4321', NULL, NULL, NULL, NULL);
INSERT INTO `sys_user` VALUES (25662670248029, 'Theodore Dunn', 'qNRTl9ICVe', 'dunntheo2@outlook.com', '213-434-8051', NULL, NULL, NULL, NULL);
INSERT INTO `sys_user` VALUES (25662670248030, 'Tang Lu', 'tuJTLj3Rj3', 'lutang@mail.com', '312-732-8063', NULL, NULL, NULL, NULL);
INSERT INTO `sys_user` VALUES (25662670248031, 'Henry Moore', 'Ix8XiAtp1m', 'henrmoore@hotmail.com', '7715 704519', NULL, NULL, NULL, NULL);
INSERT INTO `sys_user` VALUES (25662670248032, 'Wanda Turner', 'UxELdapny7', 'twanda@icloud.com', '5700 119616', NULL, NULL, NULL, NULL);
INSERT INTO `sys_user` VALUES (25662670248033, 'Shi Xiuying', 'cfyShj2p7h', 'xshi9@gmail.com', '74-090-7952', NULL, NULL, NULL, NULL);
INSERT INTO `sys_user` VALUES (25662670248034, 'Huang Lan', 'lsUsTrqCLt', 'lhuang@hotmail.com', '70-1184-4254', NULL, NULL, NULL, NULL);
INSERT INTO `sys_user` VALUES (25662670248035, 'Yue Wai Man', 'GnuNdvx2Xy', 'waiyue@outlook.com', '5273 756682', NULL, NULL, NULL, NULL);
INSERT INTO `sys_user` VALUES (25662670248036, 'Wei Zhennan', '8Le0pn1XRm', 'zw18@gmail.com', '(121) 223 2597', NULL, NULL, NULL, NULL);
INSERT INTO `sys_user` VALUES (25662670248037, 'Sano Ayano', '5gT4dGiJeg', 'ayano9@yahoo.com', '90-4751-3295', NULL, NULL, NULL, NULL);
INSERT INTO `sys_user` VALUES (25662670248038, 'Fan Ziyi', 'u8NxkKVibY', 'fanz99@outlook.com', '52-807-5856', NULL, NULL, NULL, NULL);
INSERT INTO `sys_user` VALUES (25662670248039, 'Andrew Meyer', 'bUbIIDvbMy', 'meyer7@hotmail.com', '142-9387-7495', NULL, NULL, NULL, NULL);
INSERT INTO `sys_user` VALUES (25662670248040, 'Arai Mio', 'aEgGC618YW', 'marai7@outlook.com', '198-2671-3743', NULL, NULL, NULL, NULL);
INSERT INTO `sys_user` VALUES (25662670248041, 'Ichikawa Miu', 'JmHF9tFrcS', 'ichikawamiu@gmail.com', '760-174-1046', NULL, NULL, NULL, NULL);
INSERT INTO `sys_user` VALUES (25662670248042, 'Yuen Ching Wan', 'tlUYCWZZkQ', 'yuen328@mail.com', '312-649-2366', NULL, NULL, NULL, NULL);
INSERT INTO `sys_user` VALUES (25662670248043, 'Ikeda Ryota', 'hWal9nvghd', 'ikedary6@yahoo.com', '(1223) 95 7674', NULL, NULL, NULL, NULL);
INSERT INTO `sys_user` VALUES (25662670248044, 'Sakamoto Kazuma', 'tdPpAD97yJ', 'kasakam@yahoo.com', '11-346-0021', NULL, NULL, NULL, NULL);
INSERT INTO `sys_user` VALUES (25662670248045, 'Wang Xiaoming', 'HND3PZKISj', 'wangxiaoming710@yahoo.com', '(20) 6550 1896', NULL, NULL, NULL, NULL);
INSERT INTO `sys_user` VALUES (25662670248046, 'Hui Tsz Ching', 'QzzuP3B9hp', 'tchui@mail.com', '70-4563-5666', NULL, NULL, NULL, NULL);
INSERT INTO `sys_user` VALUES (25662670248047, 'Lee Wai Lam', 'OcPoxgC8MZ', 'leewailam429@yahoo.com', '138-0269-3144', NULL, NULL, NULL, NULL);
INSERT INTO `sys_user` VALUES (25662670248048, 'Emily Hall', 'Eb0sQp8ypI', 'hemily@icloud.com', '(121) 961 5812', NULL, NULL, NULL, NULL);
INSERT INTO `sys_user` VALUES (25662670248049, 'Saito Yuto', 'HEtaFVU6jK', 'sayuto@hotmail.com', '74-122-4468', NULL, NULL, NULL, NULL);
INSERT INTO `sys_user` VALUES (25662670248050, 'Mike Tucker', 'YtqqQegbN1', 'mike78@outlook.com', '614-034-4314', NULL, NULL, NULL, NULL);
INSERT INTO `sys_user` VALUES (25662670248051, 'Gong Zhennan', 'o7VEQfvt0a', 'gonzhen@icloud.com', '614-126-8641', NULL, NULL, NULL, NULL);

-- ----------------------------
-- Table structure for sys_user_role
-- ----------------------------
DROP TABLE IF EXISTS `sys_user_role`;
CREATE TABLE `sys_user_role`  (
  `id` bigint NOT NULL AUTO_INCREMENT,
  `user_id` bigint NOT NULL,
  `role_id` bigint NOT NULL,
  PRIMARY KEY (`id`) USING BTREE,
  UNIQUE INDEX `user_role_unique`(`user_id` ASC, `role_id` ASC) USING BTREE
) ENGINE = InnoDB AUTO_INCREMENT = 27078473117185 CHARACTER SET = utf8mb4 COLLATE = utf8mb4_0900_ai_ci ROW_FORMAT = Dynamic;

-- ----------------------------
-- Records of sys_user_role
-- ----------------------------
INSERT INTO `sys_user_role` VALUES (25662757124352, 25662670247936, 25662670247939);
INSERT INTO `sys_user_role` VALUES (25662757124354, 25662670247936, 25662670247941);
INSERT INTO `sys_user_role` VALUES (25708446832896, 25662670247936, 25708423365376);
INSERT INTO `sys_user_role` VALUES (26413544321792, 25662670247937, 25708423365376);
INSERT INTO `sys_user_role` VALUES (27078472762880, 25662670247938, 25708423365376);
INSERT INTO `sys_user_role` VALUES (26015597065216, 25662670247938, 26015577391104);
INSERT INTO `sys_user_role` VALUES (27078472768256, 25662670247957, 25708423365376);
INSERT INTO `sys_user_role` VALUES (27078472772352, 25662670247958, 25708423365376);
INSERT INTO `sys_user_role` VALUES (27078472776960, 25662670247959, 25708423365376);
INSERT INTO `sys_user_role` VALUES (27078472780800, 25662670247960, 25708423365376);
INSERT INTO `sys_user_role` VALUES (27078472785152, 25662670247961, 25708423365376);
INSERT INTO `sys_user_role` VALUES (27078472788480, 25662670247962, 25708423365376);
INSERT INTO `sys_user_role` VALUES (27078472792320, 25662670247965, 25708423365376);
INSERT INTO `sys_user_role` VALUES (27078472796160, 25662670247966, 25708423365376);
INSERT INTO `sys_user_role` VALUES (27078472800000, 25662670247967, 25708423365376);
INSERT INTO `sys_user_role` VALUES (27078472803840, 25662670247968, 25708423365376);
INSERT INTO `sys_user_role` VALUES (27078472807424, 25662670247969, 25708423365376);
INSERT INTO `sys_user_role` VALUES (27078472810752, 25662670247970, 25708423365376);
INSERT INTO `sys_user_role` VALUES (27078472814592, 25662670247971, 25708423365376);
INSERT INTO `sys_user_role` VALUES (27078472818176, 25662670247972, 25708423365376);
INSERT INTO `sys_user_role` VALUES (27078472822016, 25662670247973, 25708423365376);
INSERT INTO `sys_user_role` VALUES (27078472825344, 25662670247974, 25708423365376);
INSERT INTO `sys_user_role` VALUES (27078472828928, 25662670247975, 25708423365376);
INSERT INTO `sys_user_role` VALUES (27078472832768, 25662670247976, 25708423365376);
INSERT INTO `sys_user_role` VALUES (27078472836352, 25662670247977, 25708423365376);
INSERT INTO `sys_user_role` VALUES (27078472840192, 25662670247978, 25708423365376);
INSERT INTO `sys_user_role` VALUES (27078472843520, 25662670247979, 25708423365376);
INSERT INTO `sys_user_role` VALUES (27078472847616, 25662670247980, 25708423365376);
INSERT INTO `sys_user_role` VALUES (27078472851200, 25662670247981, 25708423365376);
INSERT INTO `sys_user_role` VALUES (27078472855040, 25662670247982, 25708423365376);
INSERT INTO `sys_user_role` VALUES (27078472858624, 25662670247983, 25708423365376);
INSERT INTO `sys_user_role` VALUES (27078472862464, 25662670247984, 25708423365376);
INSERT INTO `sys_user_role` VALUES (27078472865792, 25662670247985, 25708423365376);
INSERT INTO `sys_user_role` VALUES (27078472869376, 25662670247986, 25708423365376);
INSERT INTO `sys_user_role` VALUES (27078472872960, 25662670247987, 25708423365376);
INSERT INTO `sys_user_role` VALUES (27078472876800, 25662670247988, 25708423365376);
INSERT INTO `sys_user_role` VALUES (27078472883712, 25662670247989, 25708423365376);
INSERT INTO `sys_user_role` VALUES (27078472890112, 25662670247990, 25708423365376);
INSERT INTO `sys_user_role` VALUES (27078472896256, 25662670247991, 25708423365376);
INSERT INTO `sys_user_role` VALUES (27078472902400, 25662670247992, 25708423365376);
INSERT INTO `sys_user_role` VALUES (27078472907776, 25662670247993, 25708423365376);
INSERT INTO `sys_user_role` VALUES (27078472910848, 25662670247994, 25708423365376);
INSERT INTO `sys_user_role` VALUES (27078472914688, 25662670247995, 25708423365376);
INSERT INTO `sys_user_role` VALUES (27078472918272, 25662670247996, 25708423365376);
INSERT INTO `sys_user_role` VALUES (27078472922112, 25662670247997, 25708423365376);
INSERT INTO `sys_user_role` VALUES (27078472925952, 25662670247998, 25708423365376);
INSERT INTO `sys_user_role` VALUES (27078472930048, 25662670247999, 25708423365376);
INSERT INTO `sys_user_role` VALUES (27078472933632, 25662670248000, 25708423365376);
INSERT INTO `sys_user_role` VALUES (27078472937216, 25662670248001, 25708423365376);
INSERT INTO `sys_user_role` VALUES (27078472941056, 25662670248002, 25708423365376);
INSERT INTO `sys_user_role` VALUES (27078472944640, 25662670248003, 25708423365376);
INSERT INTO `sys_user_role` VALUES (27078472947712, 25662670248004, 25708423365376);
INSERT INTO `sys_user_role` VALUES (27078472951552, 25662670248005, 25708423365376);
INSERT INTO `sys_user_role` VALUES (27078472955392, 25662670248006, 25708423365376);
INSERT INTO `sys_user_role` VALUES (27078472958976, 25662670248007, 25708423365376);
INSERT INTO `sys_user_role` VALUES (27078472962560, 25662670248008, 25708423365376);
INSERT INTO `sys_user_role` VALUES (27078472966144, 25662670248009, 25708423365376);
INSERT INTO `sys_user_role` VALUES (27078472969728, 25662670248010, 25708423365376);
INSERT INTO `sys_user_role` VALUES (27078472973056, 25662670248011, 25708423365376);
INSERT INTO `sys_user_role` VALUES (27078472976640, 25662670248012, 25708423365376);
INSERT INTO `sys_user_role` VALUES (27078472980224, 25662670248013, 25708423365376);
INSERT INTO `sys_user_role` VALUES (27078472983808, 25662670248014, 25708423365376);
INSERT INTO `sys_user_role` VALUES (27078472987392, 25662670248015, 25708423365376);
INSERT INTO `sys_user_role` VALUES (27078472990976, 25662670248016, 25708423365376);
INSERT INTO `sys_user_role` VALUES (27078472994304, 25662670248017, 25708423365376);
INSERT INTO `sys_user_role` VALUES (27078472997632, 25662670248018, 25708423365376);
INSERT INTO `sys_user_role` VALUES (27078473001216, 25662670248019, 25708423365376);
INSERT INTO `sys_user_role` VALUES (27078473004544, 25662670248020, 25708423365376);
INSERT INTO `sys_user_role` VALUES (27078473008640, 25662670248021, 25708423365376);
INSERT INTO `sys_user_role` VALUES (27078473011712, 25662670248022, 25708423365376);
INSERT INTO `sys_user_role` VALUES (27078473015552, 25662670248023, 25708423365376);
INSERT INTO `sys_user_role` VALUES (27078473018880, 25662670248024, 25708423365376);
INSERT INTO `sys_user_role` VALUES (27078473022464, 25662670248025, 25708423365376);
INSERT INTO `sys_user_role` VALUES (27078473025536, 25662670248026, 25708423365376);
INSERT INTO `sys_user_role` VALUES (27078473028864, 25662670248027, 25708423365376);
INSERT INTO `sys_user_role` VALUES (27078473032192, 25662670248028, 25708423365376);
INSERT INTO `sys_user_role` VALUES (27078473036288, 25662670248029, 25708423365376);
INSERT INTO `sys_user_role` VALUES (27078473040128, 25662670248030, 25708423365376);
INSERT INTO `sys_user_role` VALUES (27078473043712, 25662670248031, 25708423365376);
INSERT INTO `sys_user_role` VALUES (27078473047040, 25662670248032, 25708423365376);
INSERT INTO `sys_user_role` VALUES (27078473050624, 25662670248033, 25708423365376);
INSERT INTO `sys_user_role` VALUES (27078473054720, 25662670248034, 25708423365376);
INSERT INTO `sys_user_role` VALUES (27078473058304, 25662670248035, 25708423365376);
INSERT INTO `sys_user_role` VALUES (27078473061888, 25662670248036, 25708423365376);
INSERT INTO `sys_user_role` VALUES (27078473065216, 25662670248037, 25708423365376);
INSERT INTO `sys_user_role` VALUES (27078473068800, 25662670248038, 25708423365376);
INSERT INTO `sys_user_role` VALUES (27078473072384, 25662670248039, 25708423365376);
INSERT INTO `sys_user_role` VALUES (27078473075968, 25662670248040, 25708423365376);
INSERT INTO `sys_user_role` VALUES (27078473080064, 25662670248041, 25708423365376);
INSERT INTO `sys_user_role` VALUES (27078473083904, 25662670248042, 25708423365376);
INSERT INTO `sys_user_role` VALUES (27078473088000, 25662670248043, 25708423365376);
INSERT INTO `sys_user_role` VALUES (27078473091584, 25662670248044, 25708423365376);
INSERT INTO `sys_user_role` VALUES (27078473094912, 25662670248045, 25708423365376);
INSERT INTO `sys_user_role` VALUES (27078473098496, 25662670248046, 25708423365376);
INSERT INTO `sys_user_role` VALUES (27078473102336, 25662670248047, 25708423365376);
INSERT INTO `sys_user_role` VALUES (27078473106432, 25662670248048, 25708423365376);
INSERT INTO `sys_user_role` VALUES (27078473110016, 25662670248049, 25708423365376);
INSERT INTO `sys_user_role` VALUES (27078473113600, 25662670248050, 25708423365376);
INSERT INTO `sys_user_role` VALUES (27078473117184, 25662670248051, 25708423365376);

-- ----------------------------
-- Table structure for user_details
-- ----------------------------
DROP TABLE IF EXISTS `user_details`;
CREATE TABLE `user_details`  (
  `user_detail_id` int NOT NULL AUTO_INCREMENT,
  `user_id` int NOT NULL,
  `name` varchar(255) CHARACTER SET utf8mb4 COLLATE utf8mb4_0900_ai_ci NULL DEFAULT NULL,
  `gender` varchar(50) CHARACTER SET utf8mb4 COLLATE utf8mb4_0900_ai_ci NULL DEFAULT NULL,
  `birth_date` date NULL DEFAULT NULL,
  `address` varchar(255) CHARACTER SET utf8mb4 COLLATE utf8mb4_0900_ai_ci NULL DEFAULT NULL,
  `phone` varchar(50) CHARACTER SET utf8mb4 COLLATE utf8mb4_0900_ai_ci NULL DEFAULT NULL,
  `email` varchar(100) CHARACTER SET utf8mb4 COLLATE utf8mb4_0900_ai_ci NULL DEFAULT NULL,
  `favorite_merchants` varchar(255) CHARACTER SET utf8mb4 COLLATE utf8mb4_0900_ai_ci NULL DEFAULT NULL,
  `favorite_cats` varchar(255) CHARACTER SET utf8mb4 COLLATE utf8mb4_0900_ai_ci NULL DEFAULT NULL,
  PRIMARY KEY (`user_detail_id`) USING BTREE,
  UNIQUE INDEX `user_id`(`user_id` ASC) USING BTREE
) ENGINE = InnoDB CHARACTER SET = utf8mb4 COLLATE = utf8mb4_0900_ai_ci ROW_FORMAT = Dynamic;

-- ----------------------------
-- Records of user_details
-- ----------------------------

SET FOREIGN_KEY_CHECKS = 1;
